date,open,close,high,low
2011-10-10,2363.078,2344.787,2368.149,2338.685
2011-10-11,2401.738,2348.516,2412.376,2323.412
2011-10-12,2335.488,2420.0,2421.693,2318.628
2011-10-13,2412.832,2438.79,2439.64,2406.282
2011-10-14,2429.885,2431.375,2437.594,2409.288
2011-10-17,2434.486,2440.402,2452.99,2424.726
2011-10-18,2423.282,2383.485,2425.646,2378.667
2011-10-19,2387.831,2377.512,2401.688,2374.417
2011-10-20,2365.909,2331.366,2368.64,2315.9
2011-10-21,2330.512,2317.275,2340.315,2313.782
2011-10-24,2322.02,2370.333,2371.092,2307.146
2011-10-25,2366.398,2409.672,2414.049,2357.387
2011-10-26,2398.187,2427.48,2448.981,2394.733
2011-10-27,2432.473,2435.614,2449.701,2426.315
2011-10-28,2462.085,2473.41,2483.759,2456.177
2011-10-31,2470.254,2468.25,2478.307,2455.205
2011-11-01,2450.331,2470.019,2491.355,2445.527
2011-11-02,2437.87,2504.108,2505.121,2433.715
2011-11-03,2510.842,2508.09,2535.24,2507.297
2011-11-04,2525.244,2528.294,2536.779,2512.904
2011-11-07,2518.898,2509.799,2536.18,2507.615
2011-11-08,2514.259,2503.836,2524.82,2500.02
2011-11-09,2512.587,2524.919,2527.703,2489.025
2011-11-10,2498.594,2479.536,2507.452,2478.139
2011-11-11,2483.957,2481.084,2496.527,2472.761
2011-11-14,2498.672,2528.714,2529.632,2496.335
2011-11-15,2525.948,2529.761,2534.059,2518.703
2011-11-16,2529.073,2466.959,2529.458,2456.856
2011-11-17,2467.704,2463.046,2482.528,2459.165
2011-11-18,2448.387,2416.562,2448.51,2411.042
2011-11-21,2416.732,2415.13,2419.244,2396.087
2011-11-22,2400.984,2412.625,2414.85,2387.826
2011-11-23,2415.197,2395.065,2418.56,2390.654
2011-11-24,2379.146,2397.554,2409.719,2370.695
2011-11-25,2393.327,2380.224,2403.942,2372.622
2011-11-28,2383.893,2383.034,2396.827,2372.156
2011-11-29,2398.994,2412.393,2413.326,2388.202
2011-11-30,2406.329,2333.414,2407.326,2319.44
2011-12-01,2392.485,2386.86,2423.559,2376.916
2011-12-02,2374.899,2360.664,2378.299,2344.846
2011-12-05,2363.111,2333.229,2363.127,2327.61
2011-12-06,2326.66,2325.905,2331.892,2310.155
2011-12-07,2325.562,2332.73,2339.847,2317.814
2011-12-08,2329.911,2329.82,2346.654,2302.642
2011-12-09,2315.513,2315.27,2331.259,2309.457
2011-12-12,2312.151,2291.545,2315.811,2290.264
2011-12-13,2283.223,2248.59,2285.814,2245.868
2011-12-14,2241.387,2228.525,2256.744,2224.725
2011-12-15,2215.792,2180.895,2216.909,2179.467
2011-12-16,2179.509,2224.84,2225.538,2170.748
2011-12-19,2208.071,2218.235,2221.448,2164.887
2011-12-20,2209.699,2215.93,2239.859,2206.519
2011-12-21,2230.18,2191.148,2237.466,2188.71
2011-12-22,2178.572,2186.297,2201.587,2149.423
2011-12-23,2183.911,2204.784,2219.786,2178.141
2011-12-26,2193.659,2190.11,2213.453,2186.07
2011-12-27,2186.709,2166.205,2196.973,2162.723
2011-12-28,2157.65,2170.013,2170.672,2134.017
2011-12-29,2161.184,2173.561,2181.955,2157.115
2011-12-30,2177.517,2199.417,2200.988,2177.517
2012-01-04,2211.995,2169.39,2217.52,2168.644
2012-01-05,2160.898,2148.452,2183.404,2145.556
2012-01-06,2148.147,2163.395,2164.322,2132.626
2012-01-09,2164.741,2225.89,2226.218,2148.453
2012-01-10,2221.832,2285.744,2288.628,2218.275
2012-01-11,2282.913,2276.046,2290.644,2265.185
2012-01-12,2268.739,2275.01,2295.224,2265.256
2012-01-13,2277.08,2244.58,2281.532,2225.736
2012-01-16,2230.433,2206.193,2241.259,2206.045
2012-01-17,2206.531,2298.376,2298.376,2196.117
2012-01-18,2298.834,2266.384,2311.579,2257.898
2012-01-19,2266.076,2296.075,2305.707,2259.337
2012-01-20,2300.5,2319.118,2322.891,2293.893
2012-01-30,2324.493,2285.038,2324.493,2284.291
2012-01-31,2285.954,2292.61,2296.384,2277.056
2012-02-01,2288.066,2268.08,2305.863,2263.342
2012-02-02,2273.85,2312.556,2312.556,2268.687
2012-02-03,2306.656,2330.405,2336.267,2300.982
2012-02-06,2334.248,2331.136,2341.575,2317.422
2012-02-07,2319.421,2291.902,2319.708,2278.825
2012-02-08,2291.812,2347.53,2350.965,2286.819
2012-02-09,2344.224,2349.589,2363.613,2333.935
2012-02-10,2342.011,2351.981,2368.979,2339.885
2012-02-13,2332.055,2351.855,2365.339,2325.028
2012-02-14,2348.877,2344.771,2352.469,2332.247
2012-02-15,2340.455,2366.702,2374.282,2335.101
2012-02-16,2363.897,2356.86,2373.804,2342.073
2012-02-17,2366.63,2357.181,2372.512,2344.76
2012-02-20,2383.686,2363.597,2388.009,2362.012
2012-02-21,2365.487,2381.43,2382.146,2345.053
2012-02-22,2380.504,2403.587,2404.442,2374.03
2012-02-23,2401.738,2409.554,2416.805,2396.71
2012-02-24,2410.881,2439.628,2439.977,2405.274
2012-02-27,2447.406,2447.057,2478.375,2444.629
2012-02-28,2440.914,2451.857,2458.651,2431.828
2012-02-29,2446.228,2428.487,2453.067,2426.329
2012-03-01,2418.788,2426.115,2437.874,2418.334
2012-03-02,2430.098,2460.693,2461.121,2430.098
2012-03-05,2464.849,2445.002,2469.841,2442.115
2012-03-06,2439.779,2410.445,2442.001,2406.056
2012-03-07,2391.203,2394.794,2413.695,2388.519
2012-03-08,2401.102,2420.276,2426.698,2401.102
2012-03-09,2425.885,2439.462,2440.511,2414.966
2012-03-12,2438.546,2434.859,2440.857,2420.84
2012-03-13,2432.843,2455.795,2457.22,2428.609
2012-03-14,2464.915,2391.23,2476.216,2382.836
2012-03-15,2388.063,2373.774,2403.742,2366.024
2012-03-16,2377.757,2404.736,2406.148,2368.311
2012-03-19,2401.217,2410.184,2412.336,2383.674
2012-03-20,2407.542,2376.839,2407.542,2376.031
2012-03-21,2384.709,2378.195,2396.722,2361.222
2012-03-22,2376.991,2375.772,2386.099,2364.13
2012-03-23,2369.077,2349.539,2371.263,2342.12
2012-03-26,2349.086,2350.599,2357.996,2339.141
2012-03-27,2358.545,2347.179,2363.766,2344.304
2012-03-28,2341.003,2284.881,2341.42,2281.433
2012-03-29,2276.74,2252.16,2280.958,2242.345
2012-03-30,2256.042,2262.788,2266.208,2246.245
2012-04-05,2258.031,2302.241,2303.824,2251.393
2012-04-06,2299.055,2306.553,2309.64,2291.559
2012-04-09,2300.051,2285.777,2304.65,2284.442
2012-04-10,2281.024,2305.863,2306.387,2258.853
2012-04-11,2286.716,2308.925,2319.053,2280.035
2012-04-12,2310.484,2350.864,2351.055,2307.841
2012-04-13,2351.513,2359.161,2369.701,2346.944
2012-04-16,2346.307,2357.026,2364.111,2342.199
2012-04-17,2355.369,2334.985,2363.013,2333.341
2012-04-18,2341.135,2380.848,2383.64,2337.857
2012-04-19,2378.632,2378.634,2386.978,2369.459
2012-04-20,2374.662,2406.863,2407.294,2372.13
2012-04-23,2403.521,2388.588,2411.51,2383.068
2012-04-24,2380.236,2388.834,2415.749,2350.399
2012-04-25,2382.211,2406.813,2411.421,2376.626
2012-04-26,2408.558,2404.697,2414.754,2393.265
2012-04-27,2402.431,2396.316,2408.42,2393.867
2012-05-02,2421.082,2438.436,2446.35,2407.788
2012-05-03,2433.589,2440.08,2441.953,2427.728
2012-05-04,2437.465,2452.014,2453.731,2427.969
2012-05-07,2441.757,2451.947,2451.947,2432.736
2012-05-08,2451.575,2448.884,2451.598,2431.025
2012-05-09,2432.472,2408.587,2432.472,2407.509
2012-05-10,2409.945,2410.23,2419.121,2402.204
2012-05-11,2406.074,2394.983,2415.977,2393.378
2012-05-14,2408.262,2380.725,2411.272,2377.983
2012-05-15,2367.083,2374.843,2376.594,2354.614
2012-05-16,2369.295,2346.192,2372.032,2344.5
2012-05-17,2347.177,2378.886,2383.306,2342.352
2012-05-18,2364.899,2344.52,2369.598,2338.241
2012-05-21,2343.576,2348.3,2360.386,2330.325
2012-05-22,2355.732,2373.307,2374.056,2354.868
2012-05-23,2369.265,2363.437,2378.077,2350.548
2012-05-24,2359.682,2350.973,2373.057,2344.58
2012-05-25,2350.541,2333.553,2355.808,2327.408
2012-05-28,2325.317,2361.367,2361.744,2309.072
2012-05-29,2361.003,2389.636,2393.279,2358.374
2012-05-30,2385.392,2384.668,2391.691,2378.133
2012-05-31,2370.007,2372.234,2382.989,2362.314
2012-06-01,2373.224,2373.436,2388.087,2365.442
2012-06-04,2346.984,2308.55,2348.199,2308.229
2012-06-05,2313.741,2311.916,2323.298,2304.046
2012-06-06,2315.561,2309.555,2323.113,2301.035
2012-06-07,2324.672,2293.13,2328.672,2288.665
2012-06-08,2306.219,2281.447,2306.882,2276.714
2012-06-11,2282.891,2305.856,2311.772,2278.163
2012-06-12,2295.07,2289.791,2298.95,2280.951
2012-06-13,2289.707,2318.924,2319.714,2284.65
2012-06-14,2306.781,2295.946,2314.585,2293.065
2012-06-15,2299.781,2306.85,2314.242,2283.4
2012-06-18,2313.53,2316.052,2325.052,2309.709
2012-06-19,2313.455,2300.795,2313.455,2298.394
2012-06-20,2300.406,2292.877,2304.458,2291.541
2012-06-21,2288.454,2260.877,2288.454,2253.789
2012-06-25,2253.514,2224.114,2253.514,2223.054
2012-06-26,2214.649,2222.067,2229.24,2203.944
2012-06-27,2219.944,2216.934,2233.543,2213.323
2012-06-28,2220.236,2195.843,2224.155,2195.356
2012-06-29,2190.576,2225.431,2226.485,2188.716
2012-07-02,2234.32,2226.11,2234.873,2215.358
2012-07-03,2225.568,2229.193,2244.832,2219.05
2012-07-04,2233.335,2227.315,2239.27,2219.448
2012-07-05,2218.216,2201.353,2218.216,2192.648
2012-07-06,2203.73,2223.579,2227.473,2185.522
2012-07-09,2210.714,2170.814,2216.697,2168.608
2012-07-10,2166.947,2164.437,2178.195,2156.726
2012-07-11,2160.02,2175.383,2176.491,2156.596
2012-07-12,2172.064,2185.491,2197.044,2152.675
2012-07-13,2180.172,2185.895,2198.661,2177.924
2012-07-16,2187.887,2147.955,2188.063,2146.154
2012-07-17,2142.43,2161.186,2165.335,2141.481
2012-07-18,2159.857,2169.099,2170.296,2138.792
2012-07-19,2164.274,2184.841,2197.79,2159.943
2012-07-20,2180.012,2168.638,2185.733,2162.064
2012-07-23,2154.171,2141.402,2154.171,2135.563
2012-07-24,2132.317,2146.589,2158.948,2131.013
2012-07-25,2141.036,2136.151,2151.45,2132.833
2012-07-26,2134.987,2126.004,2147.664,2124.155
2012-07-27,2132.009,2128.765,2139.154,2120.63
2012-07-30,2128.159,2109.914,2137.736,2107.634
2012-07-31,2109.325,2103.634,2116.904,2100.252
2012-08-01,2101.723,2123.36,2130.712,2101.708
2012-08-02,2120.146,2111.182,2126.46,2103.495
2012-08-03,2113.964,2132.796,2133.266,2108.33
2012-08-06,2129.148,2154.916,2158.681,2127.263
2012-08-07,2153.093,2157.62,2159.683,2148.897
2012-08-08,2158.982,2160.99,2168.734,2153.02
2012-08-09,2159.434,2174.102,2175.545,2148.694
2012-08-10,2172.964,2168.814,2176.795,2165.284
2012-08-13,2164.043,2136.078,2164.043,2134.554
2012-08-14,2137.047,2142.525,2144.006,2119.253
2012-08-15,2138.278,2118.945,2139.142,2118.503
2012-08-16,2116.08,2112.197,2122.683,2109.658
2012-08-17,2111.653,2114.891,2120.714,2100.787
2012-08-20,2102.231,2106.957,2110.78,2089.018
2012-08-21,2106.381,2118.268,2124.195,2103.071
2012-08-22,2118.881,2107.711,2121.149,2097.605
2012-08-23,2106.96,2113.072,2118.736,2097.083
2012-08-24,2108.36,2092.104,2109.822,2089.217
2012-08-27,2085.373,2055.708,2085.373,2055.377
2012-08-28,2054.967,2073.154,2083.956,2052.492
2012-08-29,2066.82,2053.235,2073.949,2051.775
2012-08-30,2044.033,2052.585,2060.185,2032.537
2012-08-31,2046.289,2047.522,2059.302,2044.65
2012-09-03,2044.825,2059.147,2066.78,2041.161
2012-09-04,2060.613,2043.649,2063.817,2039.266
2012-09-05,2038.873,2037.681,2048.319,2029.054
2012-09-06,2040.668,2051.918,2052.95,2036.366
2012-09-07,2062.99,2127.762,2145.003,2062.99
2012-09-10,2128.065,2134.893,2140.168,2120.486
2012-09-11,2127.519,2120.554,2127.519,2107.219
2012-09-12,2129.687,2126.554,2137.89,2109.137
2012-09-13,2123.84,2110.379,2130.079,2109.996
2012-09-14,2127.389,2123.847,2136.226,2111.12
2012-09-17,2120.617,2078.5,2121.583,2077.484
2012-09-18,2069.343,2059.543,2074.762,2053.662
2012-09-19,2061.061,2067.831,2069.95,2055.198
2012-09-20,2060.306,2024.837,2060.306,2023.085
2012-09-21,2020.554,2026.69,2041.948,2018.263
2012-09-24,2015.767,2033.192,2040.85,2005.263
2012-09-25,2028.633,2029.293,2039.096,2021.809
2012-09-26,2027.855,2004.172,2033.036,1999.484
2012-09-27,2003.099,2056.323,2068.071,2002.324
2012-09-28,2042.886,2086.169,2089.633,2040.35
2012-10-08,2084.849,2074.419,2096.259,2063.089
2012-10-09,2081.589,2115.23,2119.336,2081.589
2012-10-10,2111.587,2119.942,2121.992,2102.535
2012-10-11,2114.232,2102.868,2117.839,2101.14
2012-10-12,2109.07,2104.932,2127.307,2092.511
2012-10-15,2105.024,2098.703,2107.199,2085.115
2012-10-16,2097.05,2098.808,2111.78,2089.695
2012-10-17,2104.28,2105.618,2113.162,2088.044
2012-10-18,2108.498,2131.688,2137.686,2107.492
2012-10-19,2129.82,2128.302,2136.869,2125.736
2012-10-22,2118.521,2132.758,2138.027,2112.752
2012-10-23,2132.108,2114.447,2136.218,2111.923
2012-10-24,2106.83,2115.99,2123.998,2104.67
2012-10-25,2114.764,2101.58,2128.74,2100.609
2012-10-26,2100.1,2066.209,2102.162,2058.063
2012-10-29,2061.847,2058.943,2068.237,2053.092
2012-10-30,2059.202,2062.347,2075.905,2054.264
2012-10-31,2061.124,2068.88,2070.479,2053.583
2012-11-01,2070.02,2104.428,2109.496,2069.947
2012-11-02,2105.449,2117.046,2119.224,2096.531
2012-11-05,2113.328,2114.027,2123.327,2104.584
2012-11-06,2113.658,2105.999,2114.791,2078.472
2012-11-07,2102.419,2105.73,2112.631,2093.289
2012-11-08,2091.254,2071.509,2092.565,2070.65
2012-11-09,2066.495,2069.067,2077.228,2062.417
2012-11-12,2069.214,2079.274,2079.571,2061.84
2012-11-13,2078.133,2047.889,2078.133,2044.036
2012-11-14,2047.257,2055.419,2056.488,2040.172
2012-11-15,2045.456,2030.29,2053.56,2029.874
2012-11-16,2026.563,2014.725,2028.686,2001.716
2012-11-19,2013.246,2016.982,2018.38,1995.721
2012-11-20,2020.433,2008.923,2023.611,2004.17
2012-11-21,2008.211,2030.319,2031.149,1995.174
2012-11-22,2021.209,2015.611,2023.085,2009.72
2012-11-23,2020.015,2027.384,2034.884,2017.004
2012-11-26,2023.339,2017.464,2027.274,2014.029
2012-11-27,2012.075,1991.165,2014.211,1990.336
2012-11-28,1984.48,1973.523,1984.863,1968.213
2012-11-29,1972.925,1963.488,1980.556,1961.822
2012-11-30,1961.815,1980.117,1983.419,1959.334
2012-12-03,1977.254,1959.767,1988.191,1957.884
2012-12-04,1956.616,1975.143,1980.119,1949.457
2012-12-05,1973.107,2031.907,2040.604,1970.202
2012-12-06,2029.562,2029.237,2036.609,2018.379
2012-12-07,2028.766,2061.786,2065.745,2023.961
2012-12-10,2067.324,2083.77,2087.007,2064.615
2012-12-11,2077.557,2074.704,2088.635,2070.192
2012-12-12,2073.271,2082.726,2085.934,2066.391
2012-12-13,2077.416,2061.476,2081.363,2059.472
2012-12-14,2062.689,2150.625,2152.496,2062.543
2012-12-17,2152.097,2160.342,2169.57,2151.936
2012-12-18,2155.858,2162.464,2183.714,2144.733
2012-12-19,2158.67,2162.239,2175.395,2154.287
2012-12-20,2156.193,2168.353,2174.819,2142.951
2012-12-21,2169.57,2153.31,2190.398,2148.17
2012-12-24,2150.654,2159.053,2170.394,2149.825
2012-12-25,2154.32,2213.611,2220.263,2146.862
2012-12-26,2211.594,2219.132,2220.475,2206.787
2012-12-27,2223.655,2205.897,2234.724,2204.79
2012-12-28,2207.913,2233.252,2234.869,2204.003
2012-12-31,2236.461,2269.128,2269.512,2236.461
2013-01-04,2289.51,2276.992,2296.113,2256.56
2013-01-07,2271.663,2285.364,2293.317,2266.862
2013-01-08,2284.654,2276.07,2289.139,2262.979
2013-01-09,2271.299,2275.34,2283.896,2259.051
2013-01-10,2274.377,2283.658,2295.484,2268.648
2013-01-11,2285.185,2242.997,2290.205,2234.947
2013-01-14,2236.288,2311.74,2317.617,2235.107
2013-01-15,2312.468,2325.682,2332.783,2309.323
2013-01-16,2322.158,2309.499,2326.764,2279.507
2013-01-17,2305.14,2284.909,2305.602,2275.877
2013-01-18,2295.809,2317.07,2324.509,2285.972
2013-01-21,2321.49,2328.221,2329.581,2305.099
2013-01-22,2326.49,2315.139,2335.806,2301.301
2013-01-23,2308.521,2320.911,2325.118,2296.491
2013-01-24,2320.258,2302.598,2362.943,2287.296
2013-01-25,2300.001,2291.304,2308.38,2288.262
2013-01-28,2295.352,2346.505,2346.921,2295.352
2013-01-29,2347.215,2358.977,2363.797,2337.353
2013-01-30,2360.748,2382.475,2383.763,2347.89
2013-01-31,2383.426,2385.422,2391.821,2371.226
2013-02-01,2377.414,2419.02,2421.154,2369.57
2013-02-04,2425.921,2428.154,2440.376,2417.585
2013-02-05,2411.001,2433.13,2437.415,2403.302
2013-02-06,2432.677,2434.477,2441.726,2427.699
2013-02-07,2430.688,2418.53,2433.893,2394.218
2013-02-08,2416.619,2432.402,2443.032,2414.398
2013-02-18,2441.906,2421.558,2444.804,2415.429
2013-02-19,2420.265,2382.914,2427.075,2373.535
2013-02-20,2383.493,2397.178,2397.941,2370.608
2013-02-21,2378.822,2325.951,2378.822,2309.171
2013-02-22,2322.94,2314.164,2330.879,2308.76
2013-02-25,2320.618,2325.819,2338.78,2315.012
2013-02-26,2313.74,2293.341,2340.709,2289.887
2013-02-27,2297.767,2313.22,2324.627,2292.034
2013-02-28,2322.323,2365.593,2366.164,2308.916
2013-03-01,2364.544,2359.506,2369.649,2330.858
2013-03-04,2332.08,2273.404,2333.54,2259.247
2013-03-05,2274.808,2326.306,2328.143,2270.1
2013-03-06,2333.615,2347.179,2351.441,2321.6
2013-03-07,2340.436,2324.293,2352.021,2304.27
2013-03-08,2326.417,2318.611,2333.667,2314.587
2013-03-11,2314.683,2310.593,2320.961,2296.583
2013-03-12,2309.158,2286.605,2333.286,2264.829
2013-03-13,2282.17,2263.968,2286.329,2253.249
2013-03-14,2255.775,2270.277,2276.222,2253.31
2013-03-15,2269.315,2278.401,2312.078,2250.005
2013-03-18,2267.287,2240.016,2276.05,2239.214
2013-03-19,2244.265,2257.434,2261.314,2232.023
2013-03-20,2257.737,2317.374,2317.86,2257.421
2013-03-21,2318.205,2324.242,2330.813,2311.603
2013-03-22,2321.403,2328.278,2331.995,2314.967
2013-03-25,2334.735,2326.715,2344.894,2319.908
2013-03-26,2318.578,2297.669,2319.988,2281.118
2013-03-27,2299.377,2301.259,2323.477,2288.995
2013-03-28,2273.552,2236.302,2273.552,2232.906
2013-03-29,2238.485,2236.621,2246.868,2228.813
2013-04-01,2229.46,2234.395,2243.949,2227.314
2013-04-02,2234.901,2227.74,2253.421,2220.439
2013-04-03,2232.694,2225.295,2241.34,2217.252
2013-04-08,2196.238,2211.592,2212.586,2180.673
2013-04-09,2215.467,2225.775,2234.725,2215.467
2013-04-10,2224.934,2226.126,2233.04,2212.561
2013-04-11,2236.983,2219.553,2242.479,2217.265
2013-04-12,2218.095,2206.78,2226.262,2204.438
2013-04-15,2199.914,2181.942,2204.987,2177.388
2013-04-16,2169.63,2194.846,2196.432,2165.784
2013-04-17,2195.032,2193.796,2197.508,2178.468
2013-04-18,2181.822,2197.602,2206.027,2175.444
2013-04-19,2201.122,2244.643,2250.11,2200.584
2013-04-22,2236.402,2242.169,2245.119,2232.258
2013-04-23,2242.616,2184.538,2242.616,2182.806
2013-04-24,2187.349,2218.318,2226.117,2184.109
2013-04-25,2213.185,2199.307,2224.63,2191.848
2013-04-26,2203.889,2177.912,2210.581,2173.864
2013-05-02,2170.783,2174.123,2179.647,2161.14
2013-05-03,2179.049,2205.497,2222.811,2179.049
2013-05-06,2212.495,2231.166,2236.066,2212.495
2013-05-07,2227.861,2235.575,2240.256,2219.435
2013-05-08,2242.393,2246.3,2255.208,2235.417
2013-05-09,2246.963,2232.971,2247.864,2221.384
2013-05-10,2228.819,2246.831,2247.674,2225.812
2013-05-13,2247.678,2241.92,2250.854,2231.363
2013-05-14,2238.904,2217.01,2239.926,2205.873
2013-05-15,2217.086,2224.797,2225.186,2213.582
2013-05-16,2221.337,2251.806,2252.872,2210.77
2013-05-17,2249.811,2282.87,2288.091,2248.413
2013-05-20,2286.328,2299.986,2309.392,2281.899
2013-05-21,2297.11,2305.114,2305.301,2290.124
2013-05-22,2303.75,2302.403,2314.183,2292.431
2013-05-23,2293.809,2275.667,2304.953,2274.102
2013-05-24,2281.445,2288.533,2292.595,2270.25
2013-05-27,2286.661,2293.077,2301.702,2283.935
2013-05-28,2293.4,2321.318,2322.099,2281.468
2013-05-29,2323.539,2324.017,2334.335,2321.166
2013-05-30,2316.253,2317.749,2325.721,2310.492
2013-05-31,2320.739,2300.595,2325.534,2299.369
2013-06-03,2300.209,2299.252,2313.425,2294.113
2013-06-04,2297.1,2272.416,2297.1,2264.761
2013-06-05,2270.712,2270.931,2276.865,2260.871
2013-06-06,2264.425,2242.11,2266.692,2240.07
2013-06-07,2242.263,2210.898,2250.629,2205.066
2013-06-13,2190.101,2148.355,2190.101,2126.216
2013-06-14,2150.06,2162.041,2163.846,2142.78
2013-06-17,2165.994,2156.215,2169.356,2147.029
2013-06-18,2158.546,2159.291,2161.681,2138.347
2013-06-19,2150.816,2143.454,2150.816,2115.793
2013-06-20,2132.813,2084.021,2132.813,2082.825
2013-06-21,2058.978,2073.095,2085.86,2042.879
2013-06-24,2068.862,1963.235,2068.862,1958.401
2013-06-25,1948.315,1959.508,1963.566,1849.653
2013-06-26,1954.474,1951.495,1959.158,1922.824
2013-06-27,1955.126,1950.013,1980.54,1942.371
2013-06-28,1935.516,1979.206,1987.984,1925.651
2013-07-01,1965.987,1995.242,1995.916,1957.571
2013-07-02,1992.89,2006.56,2007.62,1978.428
2013-07-03,1996.506,1994.268,1996.537,1965.519
2013-07-04,1982.87,2006.098,2022.136,1974.103
2013-07-05,2006.191,2007.199,2021.541,2002.367
2013-07-08,1983.215,1958.273,1983.215,1953.121
2013-07-09,1953.602,1965.454,1969.149,1946.366
2013-07-10,1962.84,2008.126,2009.36,1960.277
2013-07-11,2011.02,2072.991,2092.868,2010.4
2013-07-12,2068.044,2039.486,2074.857,2036.05
2013-07-15,2046.119,2059.39,2076.665,2037.248
2013-07-16,2054.6,2065.72,2066.363,2038.535
2013-07-17,2061.186,2044.922,2075.813,2043.231
2013-07-18,2038.4,2023.396,2043.372,2016.899
2013-07-19,2025.317,1992.648,2035.22,1990.253
2013-07-22,1977.733,2004.762,2005.474,1970.639
2013-07-23,2008.955,2043.876,2051.526,2005.092
2013-07-24,2035.691,2033.329,2042.773,2010.424
2013-07-25,2037.336,2021.174,2045.365,2016.431
2013-07-26,2013.19,2010.85,2021.574,2000.797
2013-07-29,1997.838,1976.306,1997.838,1969.853
2013-07-30,1981.452,1990.064,2006.232,1965.361
2013-07-31,2000.794,1993.799,2015.472,1987.88
2013-08-01,2000.818,2029.067,2029.928,1997.058
2013-08-02,2039.514,2029.418,2047.084,2025.654
2013-08-05,2031.724,2050.481,2050.911,2025.226
2013-08-06,2043.653,2060.5,2066.74,2034.957
2013-08-07,2056.367,2046.778,2069.561,2043.75
2013-08-08,2044.436,2044.895,2058.561,2037.251
2013-08-09,2052.244,2052.235,2061.708,2030.127
2013-08-12,2058.416,2101.283,2102.347,2055.715
2013-08-13,2101.324,2106.156,2106.397,2093.796
2013-08-14,2109.225,2100.137,2122.965,2093.043
2013-08-15,2099.279,2081.88,2108.405,2079.969
2013-08-16,2075.983,2068.452,2198.848,2061.654
2013-08-19,2055.128,2085.602,2091.132,2052.703
2013-08-20,2081.966,2072.595,2098.98,2066.072
2013-08-21,2076.271,2072.961,2076.317,2056.913
2013-08-22,2069.313,2067.124,2083.333,2062.367
2013-08-23,2075.929,2057.458,2079.846,2029.365
2013-08-26,2061.417,2096.474,2097.344,2056.133
2013-08-27,2095.44,2103.567,2105.376,2090.425
2013-08-28,2092.311,2101.301,2113.817,2080.861
2013-08-29,2108.436,2097.227,2110.894,2088.236
2013-08-30,2097.217,2098.382,2114.393,2089.095
2013-09-02,2104.09,2098.448,2108.683,2078.455
2013-09-03,2100.449,2123.112,2123.847,2095.455
2013-09-04,2121.68,2127.618,2132.996,2115.753
2013-09-05,2125.255,2122.43,2127.855,2115.236
2013-09-06,2119.333,2139.993,2143.244,2119.021
2013-09-09,2151.347,2212.516,2218.529,2151.347
2013-09-10,2214.814,2237.984,2238.551,2202.817
2013-09-11,2244.962,2241.268,2258.075,2233.003
2013-09-12,2236.171,2255.605,2270.268,2226.288
2013-09-13,2251.462,2236.217,2259.424,2228.483
2013-09-16,2244.463,2231.401,2248.471,2226.171
2013-09-17,2230.388,2185.56,2230.929,2184.922
2013-09-18,2185.936,2191.851,2195.904,2172.043
2013-09-23,2199.361,2221.044,2223.068,2198.336
2013-09-24,2219.467,2207.531,2219.543,2187.236
2013-09-25,2206.225,2198.515,2217.974,2193.722
2013-09-26,2192.226,2155.809,2192.226,2154.721
2013-09-27,2150.961,2160.027,2165.777,2149.594
2013-09-30,2167.734,2174.665,2176.303,2165.162
2013-10-08,2171.904,2198.199,2200.018,2161.489
2013-10-09,2191.392,2211.769,2212.347,2185.181
2013-10-10,2214.405,2190.929,2214.592,2186.48
2013-10-11,2201.409,2228.146,2228.871,2200.53
2013-10-14,2232.218,2237.773,2242.984,2226.403
2013-10-15,2237.931,2233.412,2240.25,2221.139
2013-10-16,2228.113,2193.074,2228.113,2183.403
2013-10-17,2201.71,2188.542,2211.03,2183.246
2013-10-18,2188.714,2193.78,2203.291,2184.36
2013-10-21,2198.114,2229.237,2230.285,2190.394
2013-10-22,2227.341,2210.652,2227.341,2204.244
2013-10-23,2213.274,2183.107,2226.847,2177.725
2013-10-24,2178.82,2164.322,2183.412,2159.871
2013-10-25,2163.689,2132.955,2170.612,2122.678
2013-10-28,2135.879,2133.869,2140.957,2123.069
2013-10-29,2135.226,2128.864,2163.657,2093.197
2013-10-30,2126.69,2160.463,2161.935,2121.841
2013-10-31,2155.511,2141.614,2155.511,2137.466
2013-11-01,2139.88,2149.562,2157.313,2132.629
2013-11-04,2156.087,2149.634,2160.578,2143.207
2013-11-05,2139.837,2157.24,2158.148,2124.845
2013-11-06,2149.39,2139.607,2166.171,2138.78
2013-11-07,2136.627,2129.4,2141.6,2119.186
2013-11-08,2120.923,2106.127,2128.581,2103.51
2013-11-11,2103.299,2109.471,2117.28,2093.626
2013-11-12,2110.724,2126.772,2127.938,2108.396
2013-11-13,2117.886,2087.941,2117.912,2086.006
2013-11-14,2087.119,2100.506,2102.38,2078.988
2013-11-15,2100.9,2135.827,2153.213,2100.786
2013-11-18,2147.373,2197.219,2198.316,2143.768
2013-11-19,2198.318,2193.125,2203.297,2186.114
2013-11-20,2201.474,2206.613,2207.105,2186.642
2013-11-21,2197.008,2205.766,2206.531,2177.735
2013-11-22,2206.471,2196.378,2211.066,2188.767
2013-11-25,2186.058,2186.115,2209.148,2181.418
2013-11-26,2184.332,2183.073,2192.579,2176.177
2013-11-27,2181.725,2201.07,2207.617,2176.847
2013-11-28,2204.378,2219.372,2234.387,2202.623
2013-11-29,2221.618,2220.504,2224.944,2212.263
2013-12-02,2203.122,2207.371,2231.921,2172.633
2013-12-03,2196.824,2222.67,2227.925,2193.251
2013-12-04,2219.965,2251.762,2260.871,2215.916
2013-12-05,2252.723,2247.063,2255.261,2239.144
2013-12-06,2242.563,2237.108,2248.147,2228.632
2013-12-09,2241.793,2238.2,2249.169,2231.734
2013-12-10,2239.864,2237.492,2250.504,2231.68
2013-12-11,2228.633,2204.166,2228.633,2193.16
2013-12-12,2199.317,2202.796,2214.548,2194.901
2013-12-13,2188.259,2196.075,2204.637,2183.842
2013-12-16,2197.234,2160.861,2201.696,2159.987
2013-12-17,2161.536,2151.079,2165.543,2146.314
2013-12-18,2150.412,2148.285,2156.593,2142.624
2013-12-19,2153.674,2127.792,2159.142,2126.246
2013-12-20,2128.374,2084.794,2131.737,2082.855
2013-12-23,2089.539,2089.707,2099.522,2068.543
2013-12-24,2094.073,2092.905,2111.805,2079.81
2013-12-25,2095.019,2106.354,2107.232,2088.297
2013-12-26,2102.66,2073.099,2102.66,2070.546
2013-12-27,2074.592,2101.251,2110.357,2069.59
2013-12-30,2108.883,2097.529,2112.009,2095.063
2013-12-31,2090.679,2115.978,2120.274,2087.415
2014-01-02,2112.126,2109.387,2113.11,2101.016
2014-01-03,2101.542,2083.136,2102.167,2075.899
2014-01-06,2078.684,2045.709,2078.684,2034.006
2014-01-07,2034.224,2047.317,2052.279,2029.246
2014-01-08,2047.256,2044.34,2062.952,2037.11
2014-01-09,2041.773,2027.622,2057.196,2026.446
2014-01-10,2023.535,2013.298,2029.297,2008.007
2014-01-13,2014.978,2009.564,2027.181,2000.404
2014-01-14,2007.156,2026.842,2027.428,2001.135
2014-01-15,2024.228,2023.348,2027.409,2010.204
2014-01-16,2022.538,2023.701,2034.707,2014.407
2014-01-17,2017.522,2004.949,2017.868,2001.33
2014-01-20,2001.894,1991.253,2005.938,1984.824
2014-01-21,1992.015,2008.313,2014.152,1992.015
2014-01-22,2009.969,2051.749,2052.339,2008.93
2014-01-23,2048.331,2042.18,2052.528,2039.052
2014-01-24,2037.667,2054.392,2060.986,2034.453
2014-01-27,2044.272,2033.3,2044.846,2029.626
2014-01-28,2036.402,2038.513,2047.129,2026.987
2014-01-29,2042.176,2049.914,2051.583,2039.771
2014-01-30,2045.931,2033.083,2045.931,2031.466
2014-02-07,2022.323,2044.497,2044.73,2014.698
2014-02-10,2049.984,2086.067,2087.975,2049.984
2014-02-11,2086.177,2103.671,2111.061,2082.522
2014-02-12,2103.828,2109.955,2110.904,2096.509
2014-02-13,2106.934,2098.401,2122.826,2096.966
2014-02-14,2097.32,2115.848,2116.186,2095.09
2014-02-17,2124.88,2135.415,2136.447,2117.689
2014-02-18,2134.143,2119.066,2134.143,2113.128
2014-02-19,2116.919,2142.554,2152.961,2111.168
2014-02-20,2152.891,2138.782,2177.978,2136.481
2014-02-21,2131.592,2113.693,2132.703,2098.328
2014-02-24,2099.717,2076.686,2099.717,2058.791
2014-02-25,2077.285,2034.219,2087.616,2026.543
2014-02-26,2026.61,2041.254,2041.627,2014.381
2014-02-27,2045.096,2047.354,2068.314,2036.391
2014-02-28,2040.624,2056.302,2058.489,2020.935
2014-03-03,2052.075,2075.235,2078.333,2047.067
2014-03-04,2068.107,2071.473,2074.025,2050.125
2014-03-05,2073.295,2053.084,2074.815,2050.175
2014-03-06,2050.032,2059.578,2065.79,2030.946
2014-03-07,2058.375,2057.908,2079.49,2050.47
2014-03-10,2042.352,1999.065,2042.634,1995.549
2014-03-11,1994.415,2001.157,2008.071,1985.599
2014-03-12,1996.239,1997.692,2011.06,1974.382
2014-03-13,2000.695,2019.111,2029.12,1996.529
2014-03-14,2008.825,2004.339,2017.913,1990.98
2014-03-17,2009.882,2023.673,2024.372,1999.249
2014-03-18,2026.224,2025.196,2034.917,2020.41
2014-03-19,2019.98,2021.734,2022.181,2002.441
2014-03-20,2017.22,1993.479,2030.847,1993.002
2014-03-21,1987.679,2047.619,2052.472,1986.071
2014-03-24,2050.827,2066.279,2074.056,2043.33
2014-03-25,2063.323,2067.311,2079.551,2057.491
2014-03-26,2070.574,2063.67,2074.572,2057.648
2014-03-27,2060.812,2046.588,2073.982,2042.713
2014-03-28,2046.851,2041.712,2060.134,2035.243
2014-03-31,2043.045,2033.306,2048.134,2024.185
2014-04-01,2031.005,2047.46,2050.681,2028.096
2014-04-02,2049.423,2058.988,2060.778,2046.742
2014-04-03,2063.497,2043.702,2066.007,2037.447
2014-04-04,2037.552,2058.831,2060.104,2035.221
2014-04-08,2054.53,2098.284,2102.452,2052.9
2014-04-09,2100.651,2105.237,2108.75,2095.64
2014-04-10,2105.876,2134.3,2146.67,2098.079
2014-04-11,2130.368,2130.542,2138.651,2120.179
2014-04-14,2127.409,2131.539,2134.434,2116.61
2014-04-15,2125.902,2101.601,2125.902,2098.15
2014-04-16,2097.213,2105.122,2112.05,2092.157
2014-04-17,2108.947,2098.885,2110.716,2095.714
2014-04-18,2091.48,2097.748,2099.637,2081.185
2014-04-21,2085.98,2065.826,2103.078,2065.234
2014-04-22,2062.787,2072.831,2073.663,2047.332
2014-04-23,2068.084,2067.382,2076.349,2059.109
2014-04-24,2064.156,2057.033,2075.757,2056.193
2014-04-25,2060.538,2036.519,2065.643,2035.566
2014-04-28,2033.337,2003.487,2035.99,2000.137
2014-04-29,2001.896,2020.341,2021.68,1997.64
2014-04-30,2020.438,2026.358,2029.538,2016.577
2014-05-05,2022.178,2027.353,2028.957,2007.351
2014-05-06,2024.256,2028.038,2038.705,2021.485
2014-05-07,2023.152,2010.083,2024.631,2008.451
2014-05-08,2006.853,2015.274,2036.941,2005.685
2014-05-09,2016.501,2011.135,2020.454,2001.3
2014-05-12,2022.932,2052.871,2055.506,2016.638
2014-05-13,2055.079,2050.728,2061.06,2043.547
2014-05-14,2049.27,2047.91,2056.574,2042.744
2014-05-15,2044.377,2024.974,2047.316,2022.861
2014-05-16,2023.596,2026.504,2027.756,2012.694
2014-05-19,2023.014,2005.183,2023.267,1996.015
2014-05-20,2011.846,2008.119,2018.156,2002.759
2014-05-21,2001.306,2024.951,2025.194,1991.055
2014-05-22,2023.148,2021.285,2041.96,2018.877
2014-05-23,2020.115,2034.569,2034.569,2017.739
2014-05-26,2042.028,2041.476,2045.381,2035.094
2014-05-27,2039.791,2034.565,2044.148,2032.839
2014-05-28,2034.561,2050.228,2052.656,2029.336
2014-05-29,2051.84,2040.595,2057.077,2039.238
2014-05-30,2040.394,2039.212,2046.96,2031.373
2014-06-03,2039.196,2038.305,2049.576,2037.3
2014-06-04,2037.989,2024.834,2038.481,2012.913
2014-06-05,2019.442,2040.878,2041.701,2016.175
2014-06-06,2040.864,2029.956,2041.573,2022.158
2014-06-09,2024.942,2030.502,2045.255,2023.198
2014-06-10,2033.207,2052.532,2052.765,2026.389
2014-06-11,2049.128,2054.948,2056.631,2045.407
2014-06-12,2051.582,2051.713,2057.105,2045.962
2014-06-13,2049.206,2070.715,2073.596,2048.618
2014-06-16,2070.699,2085.983,2087.322,2069.441
2014-06-17,2080.482,2066.698,2080.482,2064.666
2014-06-18,2064.383,2055.519,2066.913,2051.746
2014-06-19,2054.62,2023.735,2059.255,2017.653
2014-06-20,2013.414,2026.674,2027.148,2010.53
2014-06-23,2026.226,2024.365,2033.32,2022.917
2014-06-24,2023.699,2033.931,2034.707,2021.75
2014-06-25,2030.433,2025.502,2030.616,2018.36
2014-06-26,2025.662,2038.677,2040.754,2025.314
2014-06-27,2031.907,2036.51,2043.982,2025.073
2014-06-30,2038.613,2048.327,2052.342,2038.527
2014-07-01,2051.225,2050.381,2052.635,2041.937
2014-07-02,2049.485,2059.418,2060.595,2044.035
2014-07-03,2051.632,2063.229,2066.641,2048.081
2014-07-04,2062.358,2059.375,2065.078,2054.217
2014-07-07,2058.128,2059.927,2064.043,2050.887
2014-07-08,2058.134,2064.021,2064.433,2047.204
2014-07-09,2061.635,2038.612,2062.474,2037.601
2014-07-10,2036.54,2038.342,2045.527,2034.956
2014-07-11,2033.869,2046.961,2051.737,2033.004
2014-07-14,2047.744,2066.646,2067.342,2044.901
2014-07-15,2065.9,2070.357,2070.358,2059.679
2014-07-16,2068.343,2067.276,2075.493,2061.572
2014-07-17,2062.888,2055.591,2062.888,2046.189
2014-07-18,2047.498,2059.067,2067.233,2045.996
2014-07-21,2057.767,2054.479,2061.823,2049.175
2014-07-22,2050.5,2075.481,2078.085,2049.815
2014-07-23,2074.195,2078.489,2088.192,2072.229
2014-07-24,2079.632,2105.062,2107.946,2079.632
2014-07-25,2108.714,2126.614,2127.217,2106.714
2014-07-28,2135.249,2177.948,2181.496,2135.249
2014-07-29,2179.826,2183.192,2193.523,2172.102
2014-07-30,2178.179,2181.243,2194.572,2177.244
2014-07-31,2179.543,2201.562,2202.126,2173.9
2014-08-01,2194.17,2185.303,2218.789,2184.641
2014-08-04,2190.036,2223.331,2224.068,2186.917
2014-08-05,2224.632,2219.945,2226.838,2206.85
2014-08-06,2212.003,2217.465,2223.893,2192.993
2014-08-07,2216.659,2187.669,2220.568,2185.763
2014-08-08,2188.709,2194.425,2199.578,2180.597
2014-08-11,2199.433,2224.654,2225.961,2198.314
2014-08-12,2222.696,2221.595,2222.979,2210.0
2014-08-13,2223.051,2222.877,2230.991,2202.443
2014-08-14,2221.541,2206.466,2230.894,2204.384
2014-08-15,2207.226,2226.734,2230.872,2203.242
2014-08-18,2229.804,2239.466,2242.035,2228.134
2014-08-19,2242.34,2245.33,2246.016,2227.925
2014-08-20,2241.664,2240.211,2248.939,2233.892
2014-08-21,2239.568,2230.458,2240.077,2211.63
2014-08-22,2228.974,2240.812,2243.303,2225.267
2014-08-25,2241.1,2229.274,2241.553,2222.009
2014-08-26,2225.291,2207.106,2232.785,2200.618
2014-08-27,2207.03,2209.465,2216.67,2204.048
2014-08-28,2210.484,2195.818,2219.473,2194.861
2014-08-29,2198.946,2217.2,2218.696,2193.263
2014-09-01,2220.129,2235.511,2236.286,2217.685
2014-09-02,2239.684,2266.046,2267.509,2234.378
2014-09-03,2268.395,2288.627,2290.547,2268.1
2014-09-04,2290.029,2306.862,2307.701,2283.277
2014-09-05,2311.305,2326.432,2327.557,2307.447
2014-09-09,2328.426,2326.527,2331.917,2315.894
2014-09-10,2318.496,2318.305,2321.908,2306.421
2014-09-11,2315.732,2311.679,2343.595,2304.602
2014-09-12,2308.346,2331.95,2331.95,2302.775
2014-09-15,2330.187,2339.14,2340.449,2321.593
2014-09-16,2341.027,2296.555,2347.935,2293.869
2014-09-17,2298.982,2307.893,2309.048,2282.795
2014-09-18,2303.85,2315.928,2319.875,2297.931
2014-09-19,2312.984,2329.451,2331.561,2305.517
2014-09-22,2323.554,2289.866,2323.554,2284.378
2014-09-23,2289.091,2309.718,2311.525,2289.024
2014-09-24,2302.231,2343.575,2345.747,2297.876
2014-09-25,2352.865,2345.103,2365.154,2336.805
2014-09-26,2339.288,2347.718,2350.109,2329.955
2014-09-29,2353.708,2357.711,2363.059,2346.579
2014-09-30,2361.318,2363.87,2365.491,2354.268
2014-10-08,2368.576,2382.794,2382.794,2354.29
2014-10-09,2383.859,2389.371,2391.348,2367.111
2014-10-10,2380.755,2374.54,2386.277,2365.075
2014-10-13,2366.426,2366.009,2366.862,2341.124
2014-10-14,2362.802,2359.475,2380.515,2349.194
2014-10-15,2358.233,2373.67,2374.808,2344.373
2014-10-16,2361.13,2356.499,2389.675,2353.406
2014-10-17,2352.784,2341.184,2360.597,2312.826
2014-10-20,2346.052,2356.728,2357.509,2340.459
2014-10-21,2355.033,2339.657,2361.653,2337.551
2014-10-22,2339.223,2326.553,2352.124,2324.59
2014-10-23,2322.316,2302.418,2329.927,2297.33
2014-10-24,2303.08,2302.28,2314.875,2296.657
2014-10-27,2293.573,2290.437,2293.644,2279.836
2014-10-28,2294.012,2337.871,2338.278,2294.012
2014-10-29,2343.72,2373.03,2381.643,2339.712
2014-10-30,2371.891,2391.076,2397.256,2365.919
2014-10-31,2393.178,2420.178,2423.596,2384.483
2014-11-03,2425.225,2430.032,2436.785,2418.167
2014-11-04,2428.271,2430.677,2435.223,2417.221
2014-11-05,2432.169,2419.254,2434.363,2415.502
2014-11-06,2419.617,2425.864,2426.89,2401.75
2014-11-07,2427.898,2418.171,2454.423,2407.442
2014-11-10,2436.628,2473.673,2474.156,2428.185
2014-11-11,2483.648,2469.673,2508.623,2445.96
2014-11-12,2454.602,2494.476,2494.917,2444.814
2014-11-13,2494.998,2485.606,2507.743,2471.407
2014-11-14,2477.966,2478.824,2481.025,2457.045
2014-11-17,2506.864,2474.009,2508.767,2472.446
2014-11-18,2474.182,2456.366,2477.052,2449.813
2014-11-19,2452.15,2450.986,2461.491,2442.71
2014-11-20,2443.276,2452.66,2458.319,2437.476
2014-11-21,2452.635,2486.791,2488.201,2446.646
2014-11-24,2505.532,2532.879,2546.746,2495.521
2014-11-25,2531.998,2567.597,2568.381,2527.077
2014-11-26,2572.649,2604.345,2605.07,2570.404
2014-11-27,2615.367,2630.486,2631.399,2599.108
2014-11-28,2629.626,2682.835,2683.18,2622.061
2014-12-01,2691.725,2680.155,2720.743,2668.841
2014-12-02,2667.82,2763.545,2777.372,2665.686
2014-12-03,2768.678,2779.525,2824.179,2733.868
2014-12-04,2783.469,2899.456,2900.508,2772.432
2014-12-05,2926.573,2937.647,2978.029,2813.052
2014-12-08,2907.815,3020.258,3041.657,2879.847
2014-12-09,2992.49,2856.269,3091.324,2834.592
2014-12-10,2855.94,2940.006,2946.707,2807.678
2014-12-11,2912.346,2925.743,2965.675,2892.611
2014-12-12,2929.36,2938.173,2962.51,2914.956
2014-12-15,2921.446,2953.421,2960.227,2890.904
2014-12-16,2953.811,3021.518,3021.897,2943.912
2014-12-17,3031.952,3061.02,3076.599,2993.333
2014-12-18,3062.801,3057.521,3089.791,3030.319
2014-12-19,3053.075,3108.596,3117.527,3018.421
2014-12-22,3129.267,3127.445,3189.867,3090.509
2014-12-23,3085.08,3032.612,3136.838,3025.667
2014-12-24,3039.206,2972.532,3050.507,2934.911
2014-12-25,2992.462,3072.536,3073.345,2969.874
2014-12-26,3078.005,3157.603,3164.155,3064.176
2014-12-29,3212.559,3168.016,3223.86,3126.944
2014-12-30,3160.801,3165.815,3190.299,3130.353
2014-12-31,3172.597,3234.677,3239.357,3157.259
2015-01-05,3258.627,3350.519,3369.281,3253.883
2015-01-06,3330.799,3351.446,3394.224,3303.184
2015-01-07,3326.649,3373.954,3374.896,3312.211
2015-01-08,3371.957,3293.456,3381.566,3285.095
2015-01-09,3276.965,3285.412,3404.834,3267.509
2015-01-12,3258.213,3229.316,3275.185,3191.582
2015-01-13,3223.542,3235.301,3259.386,3214.412
2015-01-14,3242.337,3222.437,3268.483,3193.978
2015-01-15,3224.07,3336.455,3337.084,3207.545
2015-01-16,3343.603,3376.495,3400.318,3340.49
2015-01-19,3189.727,3116.351,3262.207,3095.066
2015-01-20,3114.56,3173.052,3190.245,3100.477
2015-01-21,3189.085,3323.611,3337.004,3178.343
2015-01-22,3327.319,3343.344,3352.384,3293.978
2015-01-23,3357.096,3351.764,3406.786,3328.293
2015-01-26,3347.257,3383.182,3384.798,3321.315
2015-01-27,3389.853,3352.96,3390.216,3290.219
2015-01-28,3325.722,3305.738,3354.802,3294.655
2015-01-29,3258.997,3262.305,3286.786,3234.241
2015-01-30,3273.747,3210.363,3288.503,3210.308
2015-02-02,3148.136,3128.3,3175.134,3122.572
2015-02-03,3156.086,3204.907,3207.935,3129.732
2015-02-04,3212.822,3174.126,3238.982,3171.144
2015-02-05,3251.212,3136.531,3251.212,3135.819
2015-02-06,3120.09,3075.907,3129.539,3052.939
2015-02-09,3063.51,3095.124,3119.034,3049.111
2015-02-10,3090.49,3141.593,3142.099,3084.253
2015-02-11,3145.765,3157.704,3166.421,3139.052
2015-02-12,3157.959,3173.416,3181.766,3134.244
2015-02-13,3186.808,3203.827,3237.159,3182.794
2015-02-16,3206.137,3222.363,3228.846,3195.884
2015-02-17,3230.884,3246.906,3255.725,3230.772
2015-02-25,3256.479,3228.843,3257.223,3215.552
2015-02-26,3222.151,3298.359,3300.616,3202.188
2015-02-27,3296.831,3310.303,3324.546,3291.007
2015-03-02,3332.721,3336.285,3336.76,3298.669
2015-03-03,3317.695,3263.052,3317.695,3260.429
2015-03-04,3264.182,3279.533,3286.588,3250.484
2015-03-05,3264.085,3248.476,3266.638,3221.666
2015-03-06,3248.036,3241.187,3266.933,3234.533
2015-03-09,3224.314,3302.408,3307.702,3198.37
2015-03-10,3289.085,3286.068,3309.915,3277.095
2015-03-11,3289.594,3290.9,3325.054,3278.471
2015-03-12,3314.813,3349.323,3360.054,3300.488
2015-03-13,3359.488,3372.911,3391.255,3352.15
2015-03-16,3391.158,3449.305,3449.305,3377.087
2015-03-17,3469.603,3502.847,3504.123,3459.694
2015-03-18,3510.501,3577.301,3577.662,3503.853
2015-03-19,3576.019,3582.271,3600.684,3546.844
2015-03-20,3587.084,3617.318,3632.338,3569.38
2015-03-23,3640.104,3687.728,3688.249,3635.485
2015-03-24,3692.569,3691.41,3715.873,3600.698
2015-03-25,3680.953,3660.727,3693.151,3634.559
2015-03-26,3641.942,3682.095,3707.318,3615.011
2015-03-27,3686.134,3691.096,3710.477,3656.831
2015-03-30,3710.612,3786.568,3795.935,3710.612
2015-03-31,3822.987,3747.899,3835.567,3737.043
2015-04-01,3748.34,3810.294,3817.082,3742.213
2015-04-02,3827.689,3825.784,3835.451,3775.894
2015-04-03,3803.383,3863.929,3864.405,3792.211
2015-04-07,3899.42,3961.378,3961.666,3891.728
2015-04-08,3976.532,3994.811,4000.22,3903.648
2015-04-09,4006.13,3957.534,4016.396,3900.027
2015-04-10,3947.492,4034.31,4040.348,3929.319
2015-04-13,4072.723,4121.715,4128.072,4057.293
2015-04-14,4125.782,4135.565,4168.346,4091.257
2015-04-15,4135.648,4084.163,4175.494,4069.007
2015-04-16,4055.916,4194.823,4195.305,4031.244
2015-04-17,4254.723,4287.296,4317.223,4238.91
2015-04-20,4301.352,4217.077,4356.001,4190.681
2015-04-21,4212.185,4293.623,4294.375,4188.569
2015-04-22,4304.597,4398.494,4400.193,4297.951
2015-04-23,4414.485,4414.508,4444.41,4358.844
2015-04-24,4355.951,4393.686,4416.376,4318.119
2015-04-27,4441.929,4527.396,4529.735,4441.929
2015-04-28,4527.635,4476.215,4572.391,4432.904
2015-04-29,4446.119,4476.62,4499.945,4398.639
2015-04-30,4483.013,4441.655,4507.344,4441.054
2015-05-04,4441.343,4480.464,4487.57,4387.426
2015-05-05,4479.848,4298.706,4488.865,4282.237
2015-05-06,4311.641,4229.266,4376.353,4187.368
2015-05-07,4197.896,4112.214,4213.764,4108.009
2015-05-08,4152.984,4205.917,4206.86,4099.042
2015-05-11,4231.271,4333.584,4334.877,4187.82
2015-05-12,4342.37,4401.219,4402.309,4317.975
2015-05-13,4402.378,4375.76,4415.629,4342.481
2015-05-14,4372.816,4378.311,4397.745,4329.042
2015-05-15,4366.822,4308.691,4366.822,4278.553
2015-05-18,4277.895,4283.491,4324.826,4260.509
2015-05-19,4285.777,4417.552,4418.403,4285.777
2015-05-20,4434.979,4446.288,4520.538,4432.279
2015-05-21,4456.435,4529.422,4530.478,4438.258
2015-05-22,4584.984,4657.596,4658.273,4562.989
2015-05-25,4660.075,4813.798,4814.672,4656.825
2015-05-26,4854.85,4910.897,4911.685,4779.075
2015-05-27,4932.846,4941.714,4958.156,4857.056
2015-05-28,4943.742,4620.266,4986.503,4614.241
2015-05-29,4603.465,4611.744,4698.193,4431.563
2015-06-01,4633.098,4828.738,4829.502,4615.231
2015-06-02,4844.704,4910.527,4911.574,4797.552
2015-06-03,4924.381,4909.978,4942.065,4822.442
2015-06-04,4912.945,4947.102,4947.965,4647.407
2015-06-05,5016.088,5023.096,5051.626,4898.068
2015-06-08,5045.694,5131.881,5146.949,4997.481
2015-06-09,5145.978,5113.534,5147.454,5042.963
2015-06-10,5049.197,5106.036,5164.162,5001.489
2015-06-11,5101.44,5121.593,5122.457,5050.765
2015-06-12,5143.343,5166.35,5178.191,5103.401
2015-06-15,5174.418,5062.993,5176.795,5048.742
2015-06-16,5004.412,4887.432,5029.684,4842.1
2015-06-17,4890.551,4967.898,4983.658,4767.216
2015-06-18,4942.52,4785.356,4966.767,4780.873
2015-06-19,4689.929,4478.364,4744.081,4476.501
2015-06-23,4471.613,4576.492,4577.939,4264.772
2015-06-24,4604.579,4690.15,4691.768,4552.129
2015-06-25,4711.763,4527.779,4720.701,4483.548
2015-06-26,4399.933,4192.873,4456.896,4139.53
2015-06-29,4289.771,4053.03,4297.475,3875.05
2015-06-30,4006.754,4277.222,4279.969,3847.88
2015-07-01,4214.15,4053.7,4317.053,4043.367
2015-07-02,4058.624,3912.767,4080.387,3795.253
2015-07-03,3793.712,3686.915,3927.128,3629.556
2015-07-06,3975.214,3775.912,3975.214,3653.037
2015-07-07,3654.778,3727.125,3750.57,3585.399
2015-07-08,3467.399,3507.192,3599.253,3421.525
2015-07-09,3432.454,3709.33,3748.479,3373.54
2015-07-10,3707.458,3877.803,3959.22,3677.435
2015-07-13,3918.99,3970.388,4030.195,3858.637
2015-07-14,3958.373,3924.487,4035.435,3855.56
2015-07-15,3874.968,3805.703,3914.273,3741.25
2015-07-16,3758.505,3823.176,3877.514,3688.442
2015-07-17,3831.421,3957.352,3994.477,3814.147
2015-07-20,3948.421,3992.11,4021.326,3927.121
2015-07-21,3939.898,4017.675,4041.819,3912.801
2015-07-22,3996.427,4026.045,4042.338,3960.864
2015-07-23,4022.268,4123.923,4132.612,4019.038
2015-07-24,4124.755,4070.908,4184.449,4044.831
2015-07-27,3985.57,3725.558,4051.159,3720.444
2015-07-28,3573.143,3663.002,3762.526,3537.358
2015-07-29,3689.825,3789.168,3792.072,3612.064
2015-07-30,3773.788,3705.766,3844.374,3685.956
2015-07-31,3655.667,3663.726,3729.512,3620.165
2015-08-03,3614.99,3622.905,3648.943,3549.496
2015-08-04,3621.855,3756.545,3757.029,3601.289
2015-08-05,3745.646,3694.573,3782.352,3676.39
2015-08-06,3625.504,3661.539,3710.57,3614.742
2015-08-07,3692.614,3744.205,3756.74,3686.3
2015-08-10,3786.033,3928.415,3943.624,3775.854
2015-08-11,3928.808,3927.908,3970.337,3891.179
2015-08-12,3881.228,3886.32,3937.772,3871.136
2015-08-13,3869.911,3954.556,3955.789,3838.159
2015-08-14,3976.405,3965.335,4000.684,3939.835
2015-08-17,3947.844,3993.668,3994.537,3907.399
2015-08-18,3999.134,3748.164,4006.337,3743.394
2015-08-19,3646.803,3794.109,3811.427,3558.383
2015-08-20,3754.567,3664.291,3788.005,3663.607
2015-08-21,3609.959,3507.744,3652.837,3490.54
2015-08-24,3373.478,3209.905,3388.364,3191.879
2015-08-25,3004.126,2964.967,3123.034,2947.944
2015-08-26,2980.794,2927.288,3092.041,2850.714
2015-08-27,2978.03,3083.591,3085.422,2906.49
2015-08-28,3125.264,3232.35,3235.839,3102.945
2015-08-31,3203.559,3205.986,3207.862,3109.163
2015-09-01,3157.832,3166.624,3180.331,3053.738
2015-09-02,3027.678,3160.167,3194.485,3019.087
2015-09-07,3149.38,3080.42,3217.579,3066.304
2015-09-08,3054.444,3170.452,3174.709,3011.117
2015-09-09,3182.552,3243.089,3256.743,3165.696
2015-09-10,3190.553,3197.893,3243.281,3178.904
2015-09-11,3189.479,3200.234,3223.762,3163.449
2015-09-14,3221.165,3114.798,3229.482,3049.23
2015-09-15,3043.805,3005.172,3081.703,2983.92
2015-09-16,2998.036,3152.263,3182.934,2983.535
2015-09-17,3131.982,3086.061,3204.702,3085.314
2015-09-18,3100.28,3097.917,3122.048,3070.336
2015-09-21,3072.094,3156.54,3159.883,3060.856
2015-09-22,3161.318,3185.619,3213.476,3152.481
2015-09-23,3137.723,3115.888,3164.041,3104.744
2015-09-24,3126.491,3142.687,3151.165,3109.691
2015-09-25,3130.851,3092.347,3149.948,3062.995
2015-09-28,3085.567,3100.756,3103.069,3042.31
2015-09-29,3055.218,3038.137,3068.298,3021.157
2015-09-30,3052.841,3052.781,3073.3,3039.742
2015-10-08,3156.075,3143.357,3172.281,3133.127
2015-10-09,3146.644,3183.152,3192.717,3137.788
2015-10-12,3193.54,3287.662,3318.714,3188.407
2015-10-13,3262.156,3293.23,3298.626,3253.249
2015-10-14,3280.02,3262.441,3307.315,3256.253
2015-10-15,3255.032,3338.073,3338.297,3254.392
2015-10-16,3358.297,3391.352,3393.018,3334.854
2015-10-19,3401.627,3386.7,3423.402,3355.566
2015-10-20,3377.547,3425.33,3425.516,3357.861
2015-10-21,3428.561,3320.676,3447.258,3265.436
2015-10-22,3292.291,3368.739,3373.776,3282.993
2015-10-23,3377.548,3412.434,3422.022,3360.218
2015-10-26,3448.649,3429.581,3457.517,3402.0
2015-10-27,3409.137,3434.336,3441.565,3332.616
2015-10-28,3417.011,3375.196,3439.758,3367.231
2015-10-29,3387.774,3387.315,3411.714,3362.509
2015-10-30,3380.284,3382.561,3417.201,3346.591
2015-11-02,3337.578,3325.085,3391.064,3322.312
2015-11-03,3330.316,3316.695,3346.275,3302.184
2015-11-04,3325.619,3459.64,3459.646,3325.619
2015-11-05,3459.215,3522.819,3585.657,3455.525
2015-11-06,3514.436,3590.032,3596.382,3508.827
2015-11-09,3588.498,3646.881,3673.76,3588.498
2015-11-10,3617.396,3640.485,3669.533,3607.891
2015-11-11,3635.004,3650.249,3654.877,3605.621
2015-11-12,3656.817,3632.902,3659.315,3603.228
2015-11-13,3600.764,3580.839,3632.556,3564.809
2015-11-16,3522.461,3606.957,3607.612,3519.421
2015-11-17,3629.977,3604.795,3678.273,3598.068
2015-11-18,3605.061,3568.468,3617.069,3558.697
2015-11-19,3573.776,3617.062,3618.213,3561.044
2015-11-20,3620.791,3630.5,3640.529,3607.915
2015-11-23,3630.867,3610.315,3654.754,3598.871
2015-11-24,3602.887,3616.113,3616.484,3563.104
2015-11-25,3614.068,3647.93,3648.367,3607.518
2015-11-26,3659.574,3635.552,3668.376,3629.865
2015-11-27,3616.544,3436.303,3621.897,3412.427
2015-11-30,3433.855,3445.405,3470.371,3327.812
2015-12-01,3442.441,3456.309,3483.414,3417.545
2015-12-02,3450.278,3536.905,3538.847,3427.661
2015-12-03,3525.727,3584.824,3591.73,3517.23
2015-12-04,3558.149,3524.992,3568.97,3510.412
2015-12-07,3529.806,3536.927,3543.945,3506.625
2015-12-08,3518.648,3470.07,3518.648,3466.79
2015-12-09,3462.583,3472.439,3495.702,3454.879
2015-12-10,3469.806,3455.495,3503.654,3446.273
2015-12-11,3441.597,3434.581,3455.548,3410.924
2015-12-14,3403.507,3520.668,3521.779,3399.28
2015-12-15,3518.126,3510.354,3529.961,3496.854
2015-12-16,3522.091,3516.187,3538.689,3506.291
2015-12-17,3533.628,3579.999,3583.408,3533.628
2015-12-18,3574.94,3578.964,3614.698,3568.161
2015-12-21,3568.581,3642.472,3651.056,3565.751
2015-12-22,3645.99,3651.767,3652.635,3616.87
2015-12-23,3653.282,3636.089,3684.567,3633.025
2015-12-24,3631.313,3612.485,3640.221,3572.277
2015-12-25,3614.054,3627.914,3635.256,3601.738
2015-12-28,3635.769,3533.779,3641.588,3533.779
2015-12-29,3528.395,3563.736,3564.171,3515.52
2015-12-30,3566.731,3572.876,3573.684,3538.112
2015-12-31,3570.467,3539.182,3580.602,3538.353
2016-01-04,3536.589,3296.258,3538.689,3295.741
2016-01-05,3196.651,3287.711,3328.139,3189.605
2016-01-06,3291.195,3361.84,3362.974,3288.933
2016-01-07,3309.657,3125.002,3309.657,3115.885
2016-01-08,3194.625,3186.412,3235.451,3056.878
2016-01-11,3131.853,3016.704,3166.215,3016.697
2016-01-12,3026.159,3022.861,3047.664,2978.463
2016-01-13,3041.107,2949.597,3059.015,2949.29
2016-01-14,2874.049,3007.649,3012.293,2867.553
2016-01-15,2988.048,2900.97,3001.708,2883.868
2016-01-18,2847.539,2913.837,2945.45,2844.704
2016-01-19,2914.408,3007.739,3012.068,2906.404
2016-01-20,2993.014,2976.694,3016.283,2951.922
2016-01-21,2934.391,2880.482,2998.79,2880.085
2016-01-22,2911.112,2916.562,2931.359,2851.733
2016-01-25,2934.078,2938.515,2955.783,2911.829
2016-01-26,2907.718,2749.785,2911.991,2743.839
2016-01-27,2756.082,2735.558,2768.772,2638.302
2016-01-28,2711.158,2655.661,2740.536,2647.493
2016-01-29,2652.854,2737.6,2755.367,2649.791
2016-02-01,2730.984,2688.854,2735.255,2655.623
2016-02-02,2687.982,2749.57,2755.159,2687.982
2016-02-03,2719.574,2739.247,2746.072,2696.884
2016-02-04,2751.432,2781.023,2793.298,2751.314
2016-02-05,2783.076,2763.492,2790.061,2762.16
2016-02-15,2684.961,2746.196,2760.359,2682.09
2016-02-16,2758.579,2836.571,2840.622,2758.579
2016-02-17,2829.764,2867.338,2868.701,2824.356
2016-02-18,2881.777,2862.893,2893.215,2857.699
2016-02-19,2854.904,2860.021,2872.724,2840.488
2016-02-22,2888.598,2927.175,2933.964,2880.347
2016-02-23,2925.708,2903.331,2928.048,2872.282
2016-02-24,2889.885,2928.896,2929.871,2872.274
2016-02-25,2922.237,2741.245,2922.237,2729.851
2016-02-26,2760.058,2767.21,2784.753,2715.874
2016-02-29,2754.814,2687.979,2755.89,2638.963
2016-03-01,2688.38,2733.17,2747.562,2668.757
2016-03-02,2733.767,2849.681,2852.7,2732.539
2016-03-03,2847.331,2859.758,2878.445,2840.874
2016-03-04,2848.538,2874.147,2880.372,2808.849
2016-03-07,2886.64,2897.34,2911.839,2871.346
2016-03-08,2895.666,2901.387,2902.621,2802.563
2016-03-09,2839.411,2862.556,2863.015,2811.718
2016-03-10,2847.567,2804.726,2863.176,2803.476
2016-03-11,2781.6,2810.307,2815.607,2772.551
2016-03-14,2830.084,2859.499,2889.816,2823.028
2016-03-15,2853.978,2864.368,2865.787,2819.795
2016-03-16,2858.709,2870.43,2881.529,2854.192
2016-03-17,2875.411,2904.832,2921.0,2857.191
2016-03-18,2915.518,2955.15,2971.551,2908.742
2016-03-21,2978.455,3018.802,3028.322,2973.758
2016-03-22,3001.63,2999.363,3019.101,2988.426
2016-03-23,2991.169,3009.96,3012.56,2980.855
2016-03-24,2986.801,2960.97,2998.154,2960.537
2016-03-25,2956.2,2979.434,2981.408,2952.106
2016-03-28,2988.01,2957.82,3008.168,2948.526
2016-03-29,2956.705,2919.832,2962.203,2905.251
2016-03-30,2941.218,3000.645,3001.106,2941.218
2016-03-31,3009.367,3003.915,3023.409,2992.916
2016-04-01,2997.088,3009.53,3009.673,2956.247
2016-04-05,3000.938,3053.065,3057.33,2993.148
2016-04-06,3039.745,3050.592,3059.794,3029.005
2016-04-07,3058.339,3008.42,3062.358,3007.06
2016-04-08,2988.2,2984.958,2996.171,2960.46
2016-04-11,3006.909,3033.957,3048.977,3006.909
2016-04-12,3031.301,3023.646,3036.825,3001.315
2016-04-13,3041.358,3066.638,3097.165,3041.358
2016-04-14,3080.09,3082.362,3086.698,3056.989
2016-04-15,3085.026,3078.117,3089.951,3066.872
2016-04-18,3058.463,3033.66,3058.463,3022.97
2016-04-19,3047.133,3042.823,3054.503,3024.895
2016-04-20,3050.381,2972.584,3055.689,2905.049
2016-04-21,2954.37,2952.891,2990.673,2943.464
2016-04-22,2933.035,2959.24,2960.209,2926.776
2016-04-25,2949.973,2946.67,2954.092,2917.02
2016-04-26,2944.716,2964.7,2965.429,2933.971
2016-04-27,2967.19,2953.671,2976.022,2949.432
2016-04-28,2955.742,2945.589,2959.512,2916.374
2016-04-29,2935.376,2938.324,2950.576,2930.357
2016-05-03,2940.392,2992.643,2993.535,2929.815
2016-05-04,2983.027,2991.272,3004.418,2978.33
2016-05-05,2987.022,2997.842,2999.118,2977.2
2016-05-06,2998.402,2913.248,3003.59,2913.036
2016-05-09,2896.162,2832.113,2896.162,2821.826
2016-05-10,2822.327,2832.591,2845.238,2820.164
2016-05-11,2843.545,2837.037,2857.254,2818.699
2016-05-12,2812.108,2835.862,2839.276,2781.236
2016-05-13,2828.462,2827.109,2850.093,2814.115
2016-05-16,2816.775,2850.862,2851.229,2804.991
2016-05-17,2850.926,2843.684,2860.321,2832.459
2016-05-18,2828.178,2807.514,2828.255,2781.417
2016-05-19,2802.315,2806.906,2829.402,2801.548
2016-05-20,2792.888,2825.483,2825.952,2785.08
2016-05-23,2826.312,2843.645,2848.071,2826.256
2016-05-24,2839.682,2821.666,2839.695,2807.188
2016-05-25,2835.029,2815.086,2843.165,2807.749
2016-05-26,2813.543,2822.443,2827.092,2780.763
2016-05-27,2817.968,2821.046,2832.799,2809.799
2016-05-30,2814.651,2822.451,2830.97,2794.661
2016-05-31,2822.593,2916.616,2917.135,2822.593
2016-06-01,2917.154,2913.508,2929.076,2909.512
2016-06-02,2911.219,2925.229,2925.67,2906.524
2016-06-03,2929.788,2938.682,2945.519,2915.185
2016-06-06,2940.994,2934.098,2945.942,2922.283
2016-06-07,2936.282,2936.045,2938.444,2923.502
2016-06-08,2932.376,2927.159,2937.986,2908.367
2016-06-13,2897.273,2833.071,2911.158,2832.507
2016-06-14,2824.229,2842.189,2843.456,2822.061
2016-06-15,2814.693,2887.21,2894.264,2811.781
2016-06-16,2878.402,2872.817,2887.743,2865.388
2016-06-17,2873.009,2885.105,2900.299,2872.185
2016-06-20,2887.636,2888.809,2891.658,2864.02
2016-06-21,2898.384,2878.558,2919.302,2869.176
2016-06-22,2872.734,2905.55,2905.978,2869.513
2016-06-23,2902.398,2891.96,2904.112,2878.661
2016-06-24,2883.759,2854.286,2899.569,2807.598
2016-06-27,2840.559,2895.703,2895.731,2840.277
2016-06-28,2885.011,2912.557,2913.582,2878.824
2016-06-29,2918.534,2931.592,2933.997,2915.062
2016-06-30,2931.481,2929.606,2938.137,2922.312
2016-07-01,2931.802,2932.476,2944.989,2925.81
2016-07-04,2924.293,2988.604,2992.498,2922.52
2016-07-05,2991.752,3006.392,3010.275,2990.642
2016-07-06,2998.521,3017.292,3017.652,2984.828
2016-07-07,3009.353,3016.847,3024.109,2994.643
2016-07-08,3000.326,2988.094,3001.551,2983.881
2016-07-11,2993.749,2994.917,3022.944,2990.907
2016-07-12,2992.52,3049.381,3049.681,2984.421
2016-07-13,3049.513,3060.689,3069.047,3048.199
2016-07-14,3054.975,3054.018,3057.046,3036.523
2016-07-15,3056.682,3054.296,3062.683,3044.538
2016-07-18,3047.637,3043.564,3058.321,3031.639
2016-07-19,3040.226,3036.598,3043.6,3014.289
2016-07-20,3034.714,3027.9,3042.997,3022.631
2016-07-21,3027.604,3039.009,3053.334,3027.368
2016-07-22,3038.118,3012.816,3039.27,3007.457
2016-07-25,3008.094,3015.828,3027.123,3003.292
2016-07-26,3014.04,3050.166,3050.615,3013.802
2016-07-27,3050.368,2991.999,3057.424,2939.227
2016-07-28,2980.501,2994.323,3003.363,2968.182
2016-07-29,2992.536,2979.339,3000.055,2972.917
2016-08-01,2971.949,2953.385,2972.875,2931.963
2016-08-02,2950.08,2971.279,2971.279,2946.637
2016-08-03,2963.215,2978.461,2981.156,2956.786
2016-08-04,2976.41,2982.426,2982.86,2958.933
2016-08-05,2978.778,2976.696,2991.677,2971.564
2016-08-08,2972.625,3004.277,3004.718,2959.048
2016-08-09,3001.306,3025.681,3025.911,2998.677
2016-08-10,3023.472,3018.746,3033.196,3017.09
2016-08-11,3013.678,3002.638,3038.048,3001.168
2016-08-12,3000.273,3050.667,3051.054,2999.039
2016-08-15,3056.484,3125.195,3137.476,3053.871
2016-08-16,3130.533,3110.037,3140.441,3102.065
2016-08-17,3106.991,3109.555,3114.255,3090.281
2016-08-18,3107.753,3104.114,3125.581,3093.317
2016-08-19,3100.391,3108.102,3113.344,3082.771
2016-08-22,3107.381,3084.805,3112.74,3083.593
2016-08-23,3081.572,3089.706,3101.11,3073.529
2016-08-24,3092.02,3085.88,3097.148,3079.548
2016-08-25,3073.444,3068.329,3073.444,3041.505
2016-08-26,3069.85,3070.309,3087.652,3063.894
2016-08-29,3068.46,3070.027,3074.943,3058.785
2016-08-30,3071.44,3074.677,3082.988,3065.971
2016-08-31,3072.916,3085.491,3087.698,3063.396
2016-09-01,3083.961,3063.305,3088.704,3062.876
2016-09-02,3057.495,3067.352,3072.526,3050.492
2016-09-05,3070.707,3072.095,3085.485,3065.329
2016-09-06,3071.055,3090.713,3095.509,3053.187
2016-09-07,3091.329,3091.928,3105.678,3087.879
2016-09-08,3089.953,3095.954,3096.783,3083.902
2016-09-09,3095.427,3078.855,3101.792,3078.218
2016-09-12,3037.507,3021.977,3040.952,2999.929
2016-09-13,3025.035,3023.51,3029.721,3008.741
2016-09-14,3008.904,3002.849,3017.945,2995.416
2016-09-19,3005.323,3026.051,3026.651,3005.323
2016-09-20,3027.172,3023.0,3027.817,3015.88
2016-09-21,3021.576,3025.874,3032.45,3017.541
2016-09-22,3038.422,3042.313,3054.435,3035.07
2016-09-23,3044.786,3033.896,3046.805,3032.802
2016-09-26,3028.243,2980.43,3028.243,2980.117
2016-09-27,2974.593,2998.172,2998.233,2969.132
2016-09-28,3000.695,2987.858,3000.695,2984.321
2016-09-29,2992.168,2998.483,3009.198,2991.909
2016-09-30,2994.251,3004.703,3009.195,2993.062
2016-10-10,3020.457,3048.143,3048.236,3014.62
2016-10-11,3051.622,3065.25,3066.104,3048.018
2016-10-12,3057.316,3058.498,3060.514,3048.888
2016-10-13,3057.972,3061.346,3064.999,3052.64
2016-10-14,3056.993,3063.809,3064.79,3043.184
2016-10-17,3064.691,3041.166,3068.812,3033.753
2016-10-18,3037.404,3083.875,3084.187,3037.404
2016-10-19,3085.749,3084.719,3096.223,3076.771
2016-10-20,3084.908,3084.458,3089.682,3076.295
2016-10-21,3081.389,3090.941,3101.849,3069.267
2016-10-24,3092.047,3128.247,3137.034,3090.786
2016-10-25,3127.968,3131.939,3132.505,3121.05
2016-10-26,3129.838,3116.312,3129.838,3110.387
2016-10-27,3112.603,3112.35,3114.759,3100.392
2016-10-28,3111.704,3104.27,3128.643,3101.237
2016-10-31,3097.188,3100.492,3102.302,3081.072
2016-11-01,3101.664,3122.436,3122.615,3097.042
2016-11-02,3115.729,3102.733,3118.977,3099.82
2016-11-03,3096.765,3128.936,3140.93,3094.103
2016-11-04,3126.349,3125.317,3141.334,3119.535
2016-11-07,3124.892,3133.333,3139.202,3117.096
2016-11-08,3140.944,3147.888,3156.881,3134.955
2016-11-09,3146.078,3128.37,3146.95,3096.947
2016-11-10,3148.544,3171.282,3172.309,3148.544
2016-11-11,3169.401,3196.044,3202.74,3166.07
2016-11-14,3187.709,3210.371,3221.458,3186.796
2016-11-15,3209.955,3206.986,3214.292,3195.035
2016-11-16,3208.497,3205.057,3210.893,3195.411
2016-11-17,3198.499,3208.453,3211.053,3187.206
2016-11-18,3207.193,3192.856,3212.394,3187.496
2016-11-21,3188.496,3218.148,3229.757,3188.28
2016-11-22,3220.983,3248.352,3249.677,3220.983
2016-11-23,3247.945,3241.137,3262.879,3231.586
2016-11-24,3237.428,3241.736,3257.857,3232.869
2016-11-25,3241.243,3261.938,3262.438,3209.598
2016-11-28,3270.047,3277.0,3288.337,3267.674
2016-11-29,3269.234,3282.924,3301.213,3263.397
2016-11-30,3272.142,3250.034,3277.269,3239.521
2016-12-01,3257.027,3273.309,3279.671,3256.256
2016-12-02,3270.121,3243.843,3279.714,3235.277
2016-12-05,3203.784,3204.709,3219.518,3194.879
2016-12-06,3202.029,3199.647,3215.311,3196.525
2016-12-07,3198.475,3222.242,3222.428,3189.485
2016-12-08,3225.55,3215.366,3228.122,3211.471
2016-12-09,3209.34,3232.883,3244.801,3207.043
2016-12-12,3233.666,3152.97,3245.095,3149.896
2016-12-13,3138.988,3155.037,3162.496,3118.712
2016-12-14,3149.377,3140.531,3170.021,3136.348
2016-12-15,3125.757,3117.677,3138.779,3100.913
2016-12-16,3111.515,3122.982,3128.874,3106.346
2016-12-19,3120.696,3118.085,3125.284,3110.082
2016-12-20,3115.898,3102.876,3117.015,3084.8
2016-12-21,3107.24,3137.43,3140.251,3107.24
2016-12-22,3132.156,3139.558,3143.169,3126.887
2016-12-23,3134.929,3110.154,3138.404,3103.748
2016-12-26,3095.579,3122.569,3122.881,3068.415
2016-12-27,3117.387,3114.664,3127.883,3113.745
2016-12-28,3113.767,3102.236,3118.782,3094.549
2016-12-29,3095.845,3096.097,3111.799,3087.344
2016-12-30,3097.345,3103.637,3108.839,3089.989
2017-01-03,3105.309,3135.921,3136.456,3105.309
2017-01-04,3133.787,3158.794,3160.103,3130.115
2017-01-05,3157.906,3165.411,3168.502,3154.281
2017-01-06,3163.776,3154.321,3172.035,3153.025
2017-01-09,3148.532,3171.236,3173.136,3147.735
2017-01-10,3167.57,3161.671,3174.578,3157.332
2017-01-11,3156.686,3136.754,3167.029,3136.267
2017-01-12,3133.602,3119.289,3144.97,3115.979
2017-01-13,3116.083,3112.764,3130.515,3102.163
2017-01-16,3104.492,3103.428,3105.142,3044.291
2017-01-17,3087.03,3108.775,3108.907,3072.338
2017-01-18,3104.766,3113.012,3123.72,3098.586
2017-01-19,3104.972,3101.299,3115.778,3094.006
2017-01-20,3095.819,3123.139,3125.66,3095.215
2017-01-23,3125.421,3136.775,3145.841,3125.421
2017-01-24,3134.592,3142.553,3149.531,3131.218
2017-01-25,3137.646,3149.555,3151.472,3133.191
2017-01-26,3149.217,3159.166,3163.104,3148.908
2017-02-03,3160.082,3140.17,3162.677,3136.013
2017-02-06,3143.093,3156.984,3158.843,3135.387
2017-02-07,3154.405,3153.088,3159.544,3140.036
2017-02-08,3148.086,3166.982,3167.447,3132.033
2017-02-09,3164.688,3183.179,3186.838,3162.574
2017-02-10,3183.007,3196.699,3205.049,3182.802
2017-02-13,3198.995,3216.839,3219.407,3198.995
2017-02-14,3216.137,3217.928,3219.405,3205.285
2017-02-15,3215.464,3212.986,3235.998,3206.561
2017-02-16,3210.357,3229.618,3230.275,3207.785
2017-02-17,3227.707,3202.076,3238.396,3199.425
2017-02-20,3198.963,3239.961,3241.458,3198.963
2017-02-21,3242.223,3253.326,3254.336,3239.878
2017-02-22,3252.69,3261.218,3261.381,3243.84
2017-02-23,3258.832,3251.375,3264.082,3236.355
2017-02-24,3246.86,3253.433,3253.956,3233.535
2017-02-27,3249.195,3228.66,3251.654,3224.088
2017-02-28,3225.969,3241.733,3242.679,3225.969
2017-03-01,3240.073,3246.934,3259.978,3237.871
2017-03-02,3250.518,3230.028,3256.807,3228.665
2017-03-03,3219.202,3218.312,3221.155,3206.613
2017-03-06,3217.335,3233.866,3234.663,3215.067
2017-03-07,3233.094,3242.406,3242.659,3226.822
2017-03-08,3240.532,3240.665,3245.304,3230.608
2017-03-09,3233.701,3216.746,3233.875,3205.279
2017-03-10,3213.729,3212.76,3222.319,3208.447
2017-03-13,3209.449,3237.024,3237.121,3193.157
2017-03-14,3235.252,3239.328,3246.329,3231.521
2017-03-15,3235.403,3241.76,3243.713,3227.738
2017-03-16,3247.163,3268.935,3269.77,3247.163
2017-03-17,3271.867,3237.447,3274.19,3232.281
2017-03-20,3241.11,3250.808,3251.127,3228.118
2017-03-21,3250.247,3261.611,3262.221,3246.696
2017-03-22,3246.223,3245.22,3255.778,3229.128
2017-03-23,3245.808,3248.55,3262.091,3221.934
2017-03-24,3247.35,3269.445,3275.207,3241.123
2017-03-27,3268.924,3266.955,3283.239,3262.118
2017-03-28,3265.634,3252.948,3265.634,3246.086
2017-03-29,3252.865,3241.314,3262.098,3233.28
2017-03-30,3235.137,3210.237,3240.017,3195.852
2017-03-31,3206.253,3222.514,3226.248,3205.537
2017-04-05,3235.66,3270.305,3270.645,3233.237
2017-04-06,3272.193,3281.005,3286.674,3265.765
2017-04-07,3280.624,3286.616,3295.187,3275.051
2017-04-10,3285.459,3269.393,3285.459,3265.012
2017-04-11,3266.222,3288.966,3290.389,3244.405
2017-04-12,3283.837,3273.83,3284.934,3262.277
2017-04-13,3265.218,3275.96,3281.137,3261.49
2017-04-14,3276.138,3246.067,3276.711,3238.896
2017-04-17,3229.949,3222.167,3229.949,3199.912
2017-04-18,3215.396,3196.713,3225.055,3196.488
2017-04-19,3184.666,3170.687,3189.437,3147.066
2017-04-20,3165.665,3172.1,3178.183,3148.184
2017-04-21,3170.29,3173.151,3180.794,3158.629
2017-04-24,3164.248,3129.531,3164.248,3111.215
2017-04-25,3123.894,3134.567,3145.267,3117.449
2017-04-26,3132.918,3140.847,3152.953,3131.418
2017-04-27,3131.35,3152.187,3155.003,3097.333
2017-04-28,3144.022,3154.658,3154.727,3136.578
2017-05-02,3147.228,3143.712,3154.781,3136.539
2017-05-03,3138.307,3135.346,3148.286,3123.751
2017-05-04,3127.106,3127.369,3143.818,3111.391
2017-05-05,3114.774,3103.038,3117.614,3092.092
2017-05-08,3090.065,3078.613,3093.452,3067.694
2017-05-09,3064.848,3080.527,3084.208,3056.558
2017-05-10,3078.173,3052.785,3090.819,3051.59
2017-05-11,3036.789,3061.5,3063.564,3016.531
2017-05-12,3054.112,3083.513,3090.491,3051.871
2017-05-15,3085.932,3090.229,3098.913,3085.932
2017-05-16,3082.872,3112.964,3113.512,3060.534
2017-05-17,3107.802,3104.442,3119.582,3101.295
2017-05-18,3082.329,3090.139,3103.441,3077.963
2017-05-19,3086.705,3090.631,3095.483,3081.278
2017-05-22,3087.171,3075.676,3103.938,3063.153
2017-05-23,3069.394,3061.947,3084.235,3050.842
2017-05-24,3047.568,3064.076,3064.813,3022.303
2017-05-25,3055.343,3107.831,3114.658,3052.831
2017-05-26,3101.286,3110.059,3120.663,3100.388
2017-05-31,3125.325,3117.178,3143.279,3111.556
2017-06-01,3108.421,3102.623,3113.521,3097.679
2017-06-02,3094.225,3105.54,3110.389,3081.849
2017-06-05,3102.11,3091.656,3105.506,3084.83
2017-06-06,3084.54,3102.126,3102.863,3078.787
2017-06-07,3101.761,3140.325,3140.774,3098.951
2017-06-08,3136.471,3150.334,3153.264,3132.828
2017-06-09,3147.453,3158.4,3165.92,3146.108
2017-06-12,3149.527,3139.877,3164.95,3135.314
2017-06-13,3134.009,3153.743,3155.99,3131.043
2017-06-14,3146.748,3130.674,3149.173,3125.355
2017-06-15,3125.587,3132.486,3137.585,3117.084
2017-06-16,3126.373,3123.166,3134.251,3117.857
2017-06-19,3122.158,3144.374,3146.77,3121.779
2017-06-20,3148.019,3140.014,3150.465,3134.611
2017-06-21,3148.986,3156.212,3157.028,3132.617
2017-06-22,3152.242,3147.453,3186.982,3146.643
2017-06-23,3138.444,3157.873,3158.047,3118.095
2017-06-26,3157.002,3185.444,3187.889,3156.977
2017-06-27,3183.42,3191.197,3193.461,3172.463
2017-06-28,3183.633,3173.201,3193.44,3170.786
2017-06-29,3174.981,3188.063,3188.774,3174.284
2017-06-30,3176.948,3192.427,3193.241,3171.57
2017-07-03,3191.998,3195.912,3196.286,3177.024
2017-07-04,3192.889,3182.804,3193.064,3174.314
2017-07-05,3179.217,3207.134,3207.31,3174.708
2017-07-06,3203.863,3212.444,3215.95,3188.773
2017-07-07,3203.823,3217.957,3219.523,3195.291
2017-07-10,3208.463,3212.632,3223.34,3203.209
2017-07-11,3201.517,3203.038,3226.908,3199.224
2017-07-12,3201.929,3197.544,3215.196,3177.935
2017-07-13,3192.362,3218.163,3219.268,3190.339
2017-07-14,3212.032,3222.417,3222.978,3204.853
2017-07-17,3219.791,3176.465,3230.354,3139.504
2017-07-18,3159.732,3187.567,3187.671,3150.128
2017-07-19,3181.402,3230.976,3232.941,3179.73
2017-07-20,3227.506,3244.865,3246.236,3225.433
2017-07-21,3236.588,3237.982,3247.712,3231.956
2017-07-24,3230.898,3250.599,3261.105,3230.071
2017-07-25,3249.138,3243.689,3261.645,3233.138
2017-07-26,3244.461,3247.675,3264.848,3228.039
2017-07-27,3243.765,3249.781,3251.926,3220.637
2017-07-28,3240.173,3253.24,3256.371,3232.963
2017-07-31,3252.752,3273.028,3276.946,3251.194
2017-08-01,3274.369,3292.638,3292.638,3273.504
2017-08-02,3288.518,3285.057,3305.431,3282.038
2017-08-03,3279.986,3272.929,3293.369,3262.155
2017-08-04,3269.318,3262.081,3287.193,3261.307
2017-08-07,3257.67,3279.457,3280.104,3243.715
2017-08-08,3277.189,3281.873,3285.483,3269.658
2017-08-09,3277.808,3275.573,3277.943,3263.847
2017-08-10,3269.735,3261.749,3282.519,3236.183
2017-08-11,3237.922,3208.541,3245.116,3200.748
2017-08-14,3206.044,3237.36,3240.052,3206.044
2017-08-15,3235.23,3251.262,3263.589,3235.101
2017-08-16,3247.853,3246.451,3248.785,3228.871
2017-08-17,3253.846,3268.43,3269.139,3251.459
2017-08-18,3253.243,3268.724,3275.076,3248.083
2017-08-21,3274.581,3286.906,3287.519,3270.475
2017-08-22,3287.615,3290.226,3293.476,3274.941
2017-08-23,3283.797,3287.705,3299.457,3274.44
2017-08-24,3287.959,3271.512,3297.989,3266.359
2017-08-25,3271.461,3331.522,3331.915,3271.461
2017-08-28,3336.126,3362.651,3375.034,3336.126
2017-08-29,3362.06,3365.226,3374.595,3354.463
2017-08-30,3361.821,3363.627,3376.648,3357.08
2017-08-31,3361.462,3360.81,3367.358,3340.687
2017-09-01,3365.991,3367.119,3381.925,3358.472
2017-09-04,3369.719,3379.583,3381.403,3359.131
2017-09-05,3377.197,3384.317,3390.823,3371.571
2017-09-06,3372.428,3385.389,3391.011,3364.765
2017-09-07,3383.628,3365.497,3387.796,3363.177
2017-09-08,3364.428,3365.243,3380.89,3353.688
2017-09-11,3365.351,3376.419,3384.81,3360.046
2017-09-12,3381.487,3379.488,3391.069,3370.852
2017-09-13,3374.719,3384.147,3387.14,3366.541
2017-09-14,3383.47,3371.426,3391.644,3361.334
2017-09-15,3365.145,3353.619,3365.528,3345.328
2017-09-18,3352.513,3362.859,3371.749,3352.513
2017-09-19,3365.532,3356.845,3370.401,3344.705
2017-09-20,3352.185,3365.996,3370.098,3346.536
2017-09-21,3364.698,3357.812,3377.884,3356.875
2017-09-22,3347.157,3352.529,3356.451,3334.985
2017-09-25,3344.589,3341.549,3350.961,3334.944
2017-09-26,3336.35,3343.583,3347.163,3332.599
2017-09-27,3340.822,3345.272,3349.695,3340.299
2017-09-28,3343.845,3339.642,3344.601,3336.178
2017-09-29,3340.311,3348.943,3357.015,3340.311
2017-10-09,3403.246,3374.378,3410.17,3366.965
2017-10-10,3373.345,3382.988,3384.026,3358.795
2017-10-11,3381.488,3388.284,3395.779,3379.163
2017-10-12,3385.533,3386.1,3390.204,3372.533
2017-10-13,3384.488,3390.523,3395.748,3383.239
2017-10-16,3393.206,3378.47,3400.511,3374.769
2017-10-17,3373.234,3372.041,3382.407,3365.565
2017-10-18,3373.528,3381.794,3383.232,3371.925
2017-10-19,3374.644,3370.172,3378.736,3359.628
2017-10-20,3363.514,3378.648,3379.765,3360.1
2017-10-23,3382.28,3380.699,3385.285,3374.705
2017-10-24,3376.599,3388.248,3388.689,3374.125
2017-10-25,3384.858,3396.898,3398.304,3382.034
2017-10-26,3397.519,3407.567,3414.242,3391.455
2017-10-27,3404.498,3416.812,3421.103,3402.114
2017-10-30,3413.868,3390.337,3419.732,3357.276
2017-10-31,3380.999,3393.342,3397.099,3376.124
2017-11-01,3393.968,3395.913,3410.352,3388.598
2017-11-02,3391.652,3383.31,3391.652,3372.213
2017-11-03,3377.736,3371.744,3380.57,3347.36
2017-11-06,3369.685,3388.174,3389.383,3356.534
2017-11-07,3389.472,3413.575,3415.148,3387.946
2017-11-08,3409.147,3415.46,3434.492,3404.881
2017-11-09,3410.672,3427.795,3428.77,3408.619
2017-11-10,3423.185,3432.673,3438.792,3414.329
2017-11-13,3435.184,3447.836,3449.164,3435.085
2017-11-14,3446.545,3429.548,3450.495,3419.692
2017-11-15,3416.211,3402.525,3423.75,3396.381
2017-11-16,3393.194,3399.25,3409.653,3390.589
2017-11-17,3392.683,3382.908,3403.286,3373.296
2017-11-20,3361.356,3392.399,3393.106,3337.116
2017-11-21,3382.36,3410.498,3419.802,3377.599
2017-11-22,3417.331,3430.464,3442.178,3404.287
2017-11-23,3425.009,3351.918,3429.424,3342.332
2017-11-24,3340.384,3353.821,3360.746,3328.334
2017-11-27,3346.657,3322.23,3347.051,3315.264
2017-11-28,3311.232,3333.657,3333.8,3300.781
2017-11-29,3335.567,3337.862,3343.062,3305.572
2017-11-30,3328.643,3317.188,3340.92,3306.283
2017-12-01,3315.105,3317.617,3324.516,3302.44
2017-12-04,3310.381,3309.618,3323.996,3304.103
2017-12-05,3301.691,3303.675,3315.737,3300.512
2017-12-06,3291.313,3293.965,3296.201,3254.611
2017-12-07,3283.279,3272.054,3291.282,3259.164
2017-12-08,3264.478,3289.992,3297.13,3258.759
2017-12-11,3290.488,3322.196,3322.674,3288.295
2017-12-12,3320.31,3280.814,3320.31,3280.329
2017-12-13,3278.397,3303.037,3304.01,3273.325
2017-12-14,3302.932,3292.439,3309.53,3282.573
2017-12-15,3287.529,3266.137,3287.529,3259.388
2017-12-18,3268.034,3267.922,3280.544,3254.178
2017-12-19,3266.019,3296.538,3296.94,3266.019
2017-12-20,3296.74,3287.606,3300.212,3276.12
2017-12-21,3281.118,3300.059,3309.223,3267.404
2017-12-22,3297.685,3297.063,3307.328,3293.442
2017-12-25,3296.211,3280.461,3312.3,3270.441
2017-12-26,3277.837,3306.125,3307.299,3274.327
2017-12-27,3302.461,3275.783,3307.08,3270.349
2017-12-28,3272.291,3296.385,3304.096,3263.728
2017-12-29,3295.246,3307.172,3308.225,3292.77
2018-01-02,3314.031,3348.326,3349.053,3314.031
2018-01-03,3347.743,3369.108,3379.915,3345.289
2018-01-04,3371.0,3385.71,3392.826,3365.295
2018-01-05,3386.464,3391.75,3402.069,3380.245
2018-01-08,3391.553,3409.48,3412.731,3384.559
2018-01-09,3406.112,3413.9,3417.228,3403.587
2018-01-10,3414.113,3421.834,3430.214,3398.842
2018-01-11,3415.585,3425.345,3426.483,3405.639
2018-01-12,3423.879,3428.941,3435.424,3417.98
2018-01-15,3428.951,3410.488,3442.501,3402.312
2018-01-16,3403.469,3436.594,3437.583,3401.961
2018-01-17,3438.576,3444.671,3465.205,3430.511
2018-01-18,3449.881,3474.754,3476.546,3448.789
2018-01-19,3481.62,3487.864,3498.434,3474.292
2018-01-22,3476.994,3501.362,3503.386,3475.673
2018-01-23,3504.344,3546.505,3547.222,3504.344
2018-01-24,3553.479,3559.465,3569.489,3527.112
2018-01-25,3555.168,3548.307,3571.481,3528.035
2018-01-26,3535.493,3558.129,3574.905,3534.195
2018-01-29,3563.64,3523.001,3587.032,3510.269
2018-01-30,3511.501,3488.009,3523.051,3484.656
2018-01-31,3470.509,3480.833,3495.453,3454.726
2018-02-01,3478.67,3446.98,3495.093,3424.419
2018-02-02,3419.225,3462.081,3463.164,3388.86
2018-02-05,3411.67,3487.497,3487.721,3406.241
2018-02-06,3418.01,3370.652,3440.124,3364.216
2018-02-07,3412.744,3309.26,3425.538,3304.007
2018-02-08,3281.046,3262.05,3307.162,3225.712
2018-02-09,3172.851,3129.851,3180.11,3062.743
2018-02-12,3128.371,3154.125,3168.126,3113.605
2018-02-13,3176.107,3184.959,3219.217,3176.107
2018-02-14,3188.248,3199.159,3203.497,3171.384
2018-02-22,3237.569,3268.559,3269.916,3234.115
2018-02-23,3275.429,3289.024,3294.134,3258.488
2018-02-26,3307.295,3329.574,3335.986,3281.615
2018-02-27,3328.672,3292.068,3328.672,3284.629
2018-02-28,3264.059,3259.408,3277.832,3239.844
2018-03-01,3235.089,3273.755,3280.149,3228.585
2018-03-02,3248.446,3254.528,3269.938,3242.267
2018-03-05,3255.871,3256.926,3269.4,3236.717
2018-03-06,3266.487,3289.642,3290.253,3243.654
2018-03-07,3288.865,3271.668,3308.406,3264.764
2018-03-08,3268.347,3288.406,3289.497,3261.552
2018-03-09,3291.426,3307.166,3309.715,3283.559
2018-03-12,3319.209,3326.699,3333.561,3313.555
2018-03-13,3324.122,3310.239,3333.875,3307.376
2018-03-14,3298.666,3291.382,3304.979,3287.356
2018-03-15,3277.514,3291.112,3297.098,3273.201
2018-03-16,3290.209,3269.882,3300.565,3269.283
2018-03-19,3264.928,3279.252,3280.567,3251.047
2018-03-20,3257.219,3290.64,3292.574,3252.433
2018-03-21,3299.731,3280.952,3314.209,3268.878
2018-03-22,3281.265,3263.48,3288.797,3242.762
2018-03-23,3172.772,3152.761,3188.235,3110.664
2018-03-26,3117.319,3133.722,3134.276,3091.458
2018-03-27,3164.798,3166.649,3172.778,3143.57
2018-03-28,3130.571,3122.29,3165.213,3117.534
2018-03-29,3127.263,3160.531,3174.509,3098.247
2018-03-30,3161.786,3168.897,3177.721,3152.889
2018-04-02,3169.779,3163.179,3192.34,3159.986
2018-04-03,3130.013,3136.633,3144.332,3119.132
2018-04-04,3147.049,3131.111,3163.34,3128.867
2018-04-09,3125.442,3138.294,3146.093,3110.303
2018-04-10,3144.257,3190.322,3190.649,3139.081
2018-04-11,3197.372,3208.082,3220.845,3191.587
2018-04-12,3203.278,3180.158,3205.252,3177.049
2018-04-13,3192.042,3159.052,3197.896,3155.506
2018-04-16,3152.888,3110.649,3153.106,3096.1
2018-04-17,3112.975,3066.797,3118.76,3064.028
2018-04-18,3091.91,3091.399,3096.889,3041.625
2018-04-19,3094.274,3117.376,3127.439,3090.287
2018-04-20,3105.462,3071.543,3111.171,3065.921
2018-04-23,3063.443,3068.012,3085.057,3045.937
2018-04-24,3069.746,3128.927,3136.04,3069.746
2018-04-25,3112.398,3117.974,3122.908,3107.001
2018-04-26,3119.496,3075.03,3121.933,3067.929
2018-04-27,3082.415,3082.232,3088.035,3049.914
2018-05-02,3087.409,3081.177,3097.604,3064.763
2018-05-03,3074.517,3100.859,3105.66,3056.157
2018-05-04,3093.117,3091.033,3104.093,3086.785
2018-05-07,3094.899,3136.645,3136.836,3091.658
2018-05-08,3135.296,3161.498,3169.701,3134.062
2018-05-09,3160.138,3159.15,3165.373,3145.657
2018-05-10,3169.05,3174.413,3176.138,3155.533
2018-05-11,3179.797,3163.263,3180.756,3162.212
2018-05-14,3167.042,3174.032,3183.816,3163.476
2018-05-15,3180.425,3192.118,3192.807,3164.518
2018-05-16,3180.226,3169.565,3191.948,3166.811
2018-05-17,3170.006,3154.283,3172.766,3148.621
2018-05-18,3151.082,3193.303,3193.453,3144.776
2018-05-21,3206.176,3213.84,3219.74,3203.336
2018-05-22,3211.247,3214.35,3214.589,3192.228
2018-05-23,3205.437,3168.964,3205.437,3168.964
2018-05-24,3167.939,3154.651,3173.531,3152.069
2018-05-25,3148.41,3141.303,3156.726,3131.068
2018-05-28,3136.809,3135.082,3149.665,3115.959
2018-05-29,3129.621,3120.461,3143.208,3112.153
2018-05-30,3081.142,3041.443,3085.397,3041.0
2018-05-31,3061.829,3095.474,3098.076,3054.269
2018-06-01,3084.754,3075.137,3102.088,3059.786
2018-06-04,3083.427,3091.191,3098.402,3076.994
2018-06-05,3088.008,3114.206,3114.769,3080.046
2018-06-06,3109.175,3115.18,3117.525,3103.533
2018-06-07,3121.184,3109.499,3128.715,3105.578
2018-06-08,3100.604,3067.148,3100.685,3053.288
2018-06-11,3057.339,3052.783,3063.61,3037.914
2018-06-12,3053.028,3079.802,3081.447,3034.101
2018-06-13,3071.464,3049.797,3071.464,3044.12
2018-06-14,3038.07,3044.16,3066.047,3032.406
2018-06-15,3037.452,3021.901,3048.797,3008.732
2018-06-19,2982.65,2907.822,2984.971,2871.355
2018-06-20,2889.984,2915.731,2925.561,2872.163
2018-06-21,2912.003,2875.81,2940.586,2872.619
2018-06-22,2855.585,2889.76,2891.969,2837.144
2018-06-25,2903.45,2859.336,2908.624,2857.871
2018-06-26,2829.995,2844.508,2850.24,2803.785
2018-06-27,2842.396,2813.178,2854.258,2798.8
2018-06-28,2799.904,2786.897,2825.987,2782.446
2018-06-29,2789.811,2847.418,2848.372,2782.381
2018-07-02,2841.58,2775.557,2845.68,2756.815
2018-07-03,2774.57,2786.888,2786.888,2722.449
2018-07-04,2776.632,2759.126,2793.179,2754.155
2018-07-05,2755.339,2733.882,2777.523,2727.94
2018-07-06,2731.353,2747.229,2768.874,2691.021
2018-07-09,2752.447,2815.11,2815.79,2752.447
2018-07-10,2819.712,2827.625,2828.493,2800.625
2018-07-11,2780.704,2777.771,2794.36,2752.435
2018-07-12,2771.041,2837.659,2844.193,2771.041
2018-07-13,2831.428,2831.184,2835.463,2818.848
2018-07-16,2827.082,2814.042,2837.509,2804.493
2018-07-17,2806.885,2798.126,2806.919,2774.762
2018-07-18,2801.777,2787.257,2818.395,2786.04
2018-07-19,2791.016,2772.545,2805.011,2764.486
2018-07-20,2769.754,2829.271,2837.862,2753.84
2018-07-23,2815.201,2859.542,2863.571,2809.616
2018-07-24,2862.267,2905.562,2911.465,2862.267
2018-07-25,2911.453,2903.647,2912.313,2894.039
2018-07-26,2905.794,2882.225,2915.297,2875.701
2018-07-27,2879.69,2873.594,2889.694,2864.11
2018-07-30,2871.94,2869.05,2896.011,2850.296
2018-07-31,2866.899,2876.401,2884.68,2854.32
2018-08-01,2882.506,2824.534,2897.4,2823.929
2018-08-02,2815.344,2768.024,2815.344,2726.483
2018-08-03,2763.396,2740.443,2777.657,2740.432
2018-08-06,2736.526,2705.157,2760.474,2692.322
2018-08-07,2711.736,2779.374,2779.374,2696.039
2018-08-08,2771.129,2744.07,2779.912,2741.067
2018-08-09,2729.579,2794.382,2801.659,2726.215
2018-08-10,2791.402,2795.31,2806.115,2777.506
2018-08-13,2769.017,2785.872,2789.798,2742.56
2018-08-14,2780.736,2780.965,2789.444,2766.569
2018-08-15,2777.249,2723.258,2777.703,2721.24
2018-08-16,2691.426,2705.192,2732.949,2672.741
2018-08-17,2723.887,2668.966,2730.333,2665.592
2018-08-20,2673.066,2698.466,2698.466,2653.112
2018-08-21,2700.342,2733.826,2739.173,2696.292
2018-08-22,2731.958,2714.608,2731.958,2709.062
2018-08-23,2714.867,2724.624,2736.01,2700.804
2018-08-24,2717.081,2729.431,2748.824,2705.324
2018-08-27,2736.319,2780.899,2780.899,2736.319
2018-08-28,2782.293,2777.981,2791.39,2769.401
2018-08-29,2774.865,2769.295,2778.539,2762.35
2018-08-30,2769.332,2737.737,2780.527,2736.346
2018-08-31,2730.113,2725.25,2744.631,2710.537
2018-09-03,2716.404,2720.734,2722.852,2692.364
2018-09-04,2720.648,2750.58,2756.607,2712.376
2018-09-05,2741.38,2704.337,2745.467,2704.337
2018-09-06,2697.578,2691.593,2719.406,2683.745
2018-09-07,2696.678,2702.301,2728.546,2683.719
2018-09-10,2698.011,2669.485,2703.429,2667.317
2018-09-11,2668.487,2664.8,2680.573,2652.704
2018-09-12,2659.744,2656.11,2672.074,2647.17
2018-09-13,2679.208,2686.578,2689.062,2653.189
2018-09-14,2688.779,2681.643,2694.92,2675.29
2018-09-17,2671.291,2651.789,2671.291,2647.915
2018-09-18,2644.296,2699.95,2700.193,2644.296
2018-09-19,2694.799,2730.85,2746.08,2690.994
2018-09-20,2732.17,2729.244,2743.965,2724.084
2018-09-21,2733.874,2797.485,2797.485,2722.032
2018-09-25,2775.066,2781.139,2790.032,2771.16
2018-09-26,2785.317,2806.813,2827.341,2783.342
2018-09-27,2805.793,2791.775,2810.506,2786.322
2018-09-28,2794.264,2821.35,2821.755,2791.836
2018-10-08,2768.208,2716.51,2771.938,2710.178
2018-10-09,2713.732,2721.013,2734.314,2711.197
2018-10-10,2723.724,2725.837,2743.548,2703.063
2018-10-11,2643.074,2583.458,2661.286,2560.316
2018-10-12,2574.042,2606.913,2615.917,2536.665
2018-10-15,2605.912,2568.098,2611.969,2564.738
2018-10-16,2567.764,2546.33,2597.715,2536.441
2018-10-17,2574.313,2561.614,2582.549,2517.573
2018-10-18,2544.911,2486.419,2544.911,2485.619
2018-10-19,2460.081,2550.465,2553.387,2449.197
2018-10-22,2565.644,2654.876,2675.406,2565.644
2018-10-23,2652.648,2594.826,2659.812,2583.261
2018-10-24,2579.972,2603.295,2640.402,2577.773
2018-10-25,2540.935,2603.8,2606.101,2531.535
2018-10-26,2610.898,2598.847,2626.116,2580.845
2018-10-29,2593.591,2542.103,2595.537,2529.188
2018-10-30,2538.574,2568.048,2586.919,2521.784
2018-10-31,2573.015,2602.783,2612.922,2567.027
2018-11-01,2617.033,2606.237,2636.799,2603.651
2018-11-02,2649.251,2676.476,2676.476,2628.87
2018-11-05,2665.427,2665.431,2673.188,2639.271
2018-11-06,2660.719,2659.356,2660.863,2635.321
2018-11-07,2659.845,2641.342,2675.677,2639.246
2018-11-08,2660.087,2635.632,2662.369,2632.301
2018-11-09,2621.238,2598.872,2621.238,2598.161
2018-11-12,2593.2,2630.52,2631.17,2590.211
2018-11-13,2600.5,2654.88,2666.485,2597.348
2018-11-14,2648.309,2632.243,2658.307,2627.957
2018-11-15,2632.138,2668.17,2668.17,2631.888
2018-11-16,2669.78,2679.11,2695.569,2657.034
2018-11-19,2681.899,2703.512,2703.512,2674.178
2018-11-20,2684.287,2645.855,2690.83,2643.359
2018-11-21,2619.821,2651.505,2653.796,2617.776
2018-11-22,2655.896,2645.434,2658.001,2634.483
2018-11-23,2640.667,2579.483,2642.036,2577.351
2018-11-26,2580.842,2575.81,2594.997,2568.035
2018-11-27,2585.826,2574.679,2592.535,2566.166
2018-11-28,2575.454,2601.737,2601.963,2561.562
2018-11-29,2613.781,2567.443,2617.548,2567.443
2018-11-30,2564.564,2588.188,2590.21,2555.322
2018-12-03,2647.132,2654.798,2665.298,2629.184
2018-12-04,2651.561,2665.958,2666.078,2644.896
2018-12-05,2629.833,2649.805,2660.389,2625.913
2018-12-06,2629.82,2605.181,2633.678,2603.132
2018-12-07,2609.341,2605.888,2614.582,2599.278
2018-12-10,2589.194,2584.582,2599.762,2576.242
2018-12-11,2587.015,2594.088,2596.146,2583.196
2018-12-12,2608.114,2602.153,2610.009,2595.075
2018-12-13,2607.144,2634.049,2645.837,2599.459
2018-12-14,2627.283,2593.741,2629.164,2593.741
2018-12-17,2587.263,2597.974,2598.967,2573.867
2018-12-18,2583.634,2576.65,2599.148,2563.573
2018-12-19,2578.675,2549.563,2579.874,2547.078
2018-12-20,2544.505,2536.268,2554.859,2516.019
2018-12-21,2526.554,2516.251,2527.421,2498.694
2018-12-24,2506.737,2527.007,2529.44,2500.443
2018-12-25,2503.95,2504.819,2513.964,2462.845
2018-12-26,2501.12,2498.294,2513.826,2492.076
2018-12-27,2527.717,2483.086,2532.002,2483.086
2018-12-28,2483.617,2493.896,2505.114,2478.325
2019-01-02,2497.881,2465.291,2500.278,2456.423
2019-01-03,2461.783,2464.363,2488.479,2455.926
2019-01-04,2446.019,2514.868,2515.316,2440.907
2019-01-07,2528.699,2533.089,2536.978,2515.508
2019-01-08,2530.3,2526.462,2531.345,2520.165
2019-01-09,2536.417,2544.345,2574.408,2536.157
2019-01-10,2543.853,2535.099,2551.826,2531.664
2019-01-11,2539.549,2553.831,2554.787,2533.359
2019-01-14,2553.328,2535.765,2556.294,2533.01
2019-01-15,2537.37,2570.345,2571.502,2532.433
2019-01-16,2569.07,2570.422,2574.236,2563.006
2019-01-17,2573.576,2559.637,2582.556,2557.711
2019-01-18,2567.739,2596.006,2598.884,2565.904
2019-01-21,2599.058,2610.509,2618.98,2599.058
2019-01-22,2609.642,2579.704,2609.642,2573.062
2019-01-23,2575.258,2581.004,2589.513,2572.405
2019-01-24,2584.648,2591.694,2597.289,2569.7
2019-01-25,2596.262,2601.723,2617.002,2595.629
2019-01-28,2615.712,2596.977,2630.318,2591.1
2019-01-29,2592.355,2594.254,2601.736,2559.982
2019-01-30,2584.746,2575.576,2598.815,2575.409
2019-01-31,2581.332,2584.572,2606.628,2571.579
2019-02-01,2597.778,2618.232,2618.477,2590.554
2019-02-11,2613.174,2653.896,2654.096,2613.174
2019-02-12,2654.035,2671.894,2674.478,2648.83
2019-02-13,2674.52,2721.068,2727.075,2666.522
2019-02-14,2715.536,2719.7,2729.455,2707.487
2019-02-15,2712.786,2682.385,2715.632,2679.785
2019-02-18,2699.817,2754.357,2754.357,2699.817
2019-02-19,2759.496,2755.646,2780.784,2737.586
2019-02-20,2761.059,2761.219,2767.411,2739.978
2019-02-21,2759.938,2751.801,2794.013,2744.976
2019-02-22,2749.462,2804.226,2804.226,2736.332
2019-02-25,2838.39,2961.283,2961.795,2838.39
2019-02-26,2969.098,2941.516,2995.676,2938.623
2019-02-27,2939.929,2953.824,2997.488,2924.643
2019-02-28,2950.055,2940.954,2965.304,2930.195
2019-03-01,2954.402,2994.005,2994.005,2930.835
2019-03-04,3015.943,3027.576,3090.796,3006.942
2019-03-05,3019.88,3054.247,3054.962,3009.448
2019-03-06,3060.433,3102.099,3103.825,3050.111
2019-03-07,3103.668,3106.418,3129.94,3074.978
2019-03-08,3038.336,2969.861,3075.046,2969.582
2019-03-11,2969.08,3026.993,3028.254,2963.583
2019-03-12,3049.084,3060.307,3093.391,3029.9
2019-03-13,3062.327,3026.951,3065.288,3013.932
2019-03-14,3013.597,2990.685,3041.156,2968.824
2019-03-15,3000.879,3021.751,3048.121,2999.432
2019-03-18,3027.801,3096.418,3096.418,3009.507
2019-03-19,3099.897,3090.975,3113.433,3076.363
2019-03-20,3084.17,3090.64,3102.52,3053.452
2019-03-21,3094.125,3101.455,3125.019,3086.85
2019-03-22,3100.726,3104.149,3107.275,3064.884
2019-03-25,3058.802,3043.031,3086.996,3041.95
2019-03-26,3057.559,2997.095,3062.69,2988.491
2019-03-27,3012.257,3022.72,3022.762,2987.772
2019-03-28,3009.799,2994.943,3025.779,2991.779
2019-03-29,3000.678,3090.758,3093.033,2999.987
2019-04-01,3111.662,3170.361,3176.622,3111.662
2019-04-02,3183.274,3176.823,3193.272,3164.907
2019-04-03,3159.147,3216.295,3219.256,3152.332
2019-04-04,3233.689,3246.571,3254.14,3216.855
2019-04-08,3271.272,3244.81,3288.453,3210.515
2019-04-09,3240.394,3239.664,3251.646,3215.705
2019-04-10,3224.645,3241.93,3264.778,3204.879
2019-04-11,3241.547,3189.962,3254.126,3185.546
2019-04-12,3184.86,3188.626,3199.278,3168.042
2019-04-15,3233.458,3177.787,3253.976,3177.27
2019-04-16,3164.397,3253.598,3253.598,3153.206
2019-04-17,3250.152,3263.118,3275.334,3239.805
2019-04-18,3261.074,3250.201,3271.388,3241.826
2019-04-19,3250.145,3270.797,3274.335,3226.812
2019-04-22,3278.491,3215.043,3279.489,3206.878
2019-04-23,3211.872,3198.594,3231.582,3186.757
2019-04-24,3203.559,3201.614,3210.651,3156.607
2019-04-25,3190.585,3123.826,3193.749,3123.026
2019-04-26,3108.164,3086.399,3129.213,3085.805
2019-04-29,3090.633,3062.499,3107.761,3050.026
2019-04-30,3052.622,3078.339,3088.407,3052.622
2019-05-06,2984.727,2906.464,2986.54,2876.469
2019-05-07,2914.291,2926.391,2937.283,2889.073
2019-05-08,2873.143,2893.757,2929.431,2866.704
2019-05-09,2871.197,2850.954,2888.86,2845.037
2019-05-10,2878.234,2939.211,2941.454,2838.385
2019-05-13,2905.067,2903.713,2921.41,2892.175
2019-05-14,2872.834,2883.611,2909.204,2872.834
2019-05-15,2902.642,2938.678,2945.395,2902.642
2019-05-16,2933.495,2955.711,2956.171,2929.065
2019-05-17,2955.767,2882.296,2956.783,2873.8
2019-05-20,2874.801,2870.605,2882.629,2838.453
2019-05-21,2867.707,2905.969,2919.237,2862.495
2019-05-22,2905.524,2891.705,2912.395,2879.644
2019-05-23,2880.843,2852.515,2885.139,2846.956
2019-05-24,2847.836,2852.995,2871.856,2846.022
2019-05-27,2851.281,2892.378,2898.129,2833.036
2019-05-28,2890.266,2909.911,2924.04,2887.084
2019-05-29,2894.83,2914.696,2934.977,2890.665
2019-05-30,2903.425,2905.805,2907.846,2881.38
2019-05-31,2904.498,2898.696,2922.908,2895.578
2019-06-03,2901.742,2890.081,2920.829,2875.902
2019-06-04,2887.641,2862.28,2888.386,2851.973
2019-06-05,2882.937,2861.418,2888.768,2858.572
2019-06-06,2862.333,2827.798,2862.333,2822.185
2019-06-10,2833.015,2852.13,2861.131,2824.355
2019-06-11,2854.07,2925.716,2927.43,2854.07
2019-06-12,2917.224,2909.38,2924.702,2903.883
2019-06-13,2905.288,2910.741,2918.423,2885.923
2019-06-14,2912.999,2881.974,2924.32,2879.657
2019-06-17,2880.423,2887.622,2902.481,2877.394
2019-06-18,2891.092,2890.158,2898.33,2874.313
2019-06-19,2944.115,2917.803,2953.336,2916.215
2019-06-20,2917.331,2987.119,2997.389,2915.09
2019-06-21,2990.369,3001.98,3010.349,2989.245
2019-06-24,3004.289,3008.148,3012.826,2994.422
2019-06-25,3004.91,2982.074,3004.91,2948.991
2019-06-26,2964.615,2976.284,2986.914,2958.463
2019-06-27,2982.613,2996.793,3011.538,2981.045
2019-06-28,2992.243,2978.878,2992.243,2961.223
2019-07-01,3024.624,3044.903,3045.367,3014.687
2019-07-02,3042.58,3043.943,3048.484,3033.781
2019-07-03,3031.832,3015.263,3031.832,3006.325
2019-07-04,3015.679,3005.249,3024.502,2991.908
2019-07-05,3004.738,3011.059,3014.847,2990.925
2019-07-08,2997.807,2933.363,2997.807,2918.716
2019-07-09,2928.819,2928.23,2937.762,2912.806
2019-07-10,2935.186,2915.302,2936.752,2908.162
2019-07-11,2928.055,2917.761,2945.802,2907.885
2019-07-12,2915.34,2930.546,2938.531,2905.809
2019-07-15,2921.546,2942.185,2955.0,2886.699
2019-07-16,2938.641,2937.617,2944.821,2931.293
2019-07-17,2933.023,2931.693,2942.067,2924.459
2019-07-18,2921.739,2901.177,2921.739,2901.177
2019-07-19,2909.679,2924.201,2939.597,2909.679
2019-07-22,2925.788,2886.974,2927.16,2879.69
2019-07-23,2886.904,2899.945,2901.359,2883.046
2019-07-24,2907.928,2923.278,2936.452,2907.787
2019-07-25,2923.189,2937.36,2937.36,2916.15
2019-07-26,2928.061,2944.541,2948.326,2924.451
2019-07-29,2943.918,2941.007,2948.467,2932.977
2019-07-30,2946.257,2952.338,2965.632,2946.257
2019-07-31,2944.398,2932.506,2944.398,2926.485
2019-08-01,2920.851,2908.766,2927.342,2901.75
2019-08-02,2861.332,2867.838,2872.473,2851.44
2019-08-05,2854.578,2821.496,2863.689,2821.496
2019-08-06,2776.989,2777.556,2787.419,2733.924
2019-08-07,2789.019,2768.68,2792.693,2768.68
2019-08-08,2784.184,2794.552,2799.686,2782.245
2019-08-09,2805.586,2774.753,2808.329,2770.478
2019-08-12,2781.982,2814.994,2814.994,2776.62
2019-08-13,2798.051,2797.26,2802.042,2790.608
2019-08-14,2824.486,2808.915,2829.891,2807.719
2019-08-15,2762.339,2815.798,2815.896,2756.834
2019-08-16,2817.571,2823.824,2840.316,2811.802
2019-08-19,2835.518,2883.096,2883.096,2829.854
2019-08-20,2879.082,2880.001,2892.08,2874.999
2019-08-21,2875.471,2880.331,2885.586,2872.557
2019-08-22,2887.665,2883.436,2888.497,2867.552
2019-08-23,2885.151,2897.425,2902.456,2878.744
2019-08-26,2851.016,2863.567,2870.494,2849.238
2019-08-27,2879.515,2902.193,2919.644,2879.406
2019-08-28,2901.627,2893.756,2905.435,2887.012
2019-08-29,2895.999,2890.919,2898.605,2878.588
2019-08-30,2907.383,2886.237,2914.577,2874.103
2019-09-02,2886.942,2924.106,2928.479,2883.682
2019-09-03,2925.942,2930.154,2930.154,2915.197
2019-09-04,2927.747,2957.412,2957.412,2925.883
2019-09-05,2972.662,2985.865,3015.844,2972.662
2019-09-06,2996.622,2999.601,2999.943,2981.598
2019-09-09,3023.778,3024.739,3026.24,3005.695
2019-09-10,3027.41,3021.202,3027.41,3005.383
2019-09-11,3029.933,3008.812,3030.557,3004.215
2019-09-12,3016.627,3031.235,3033.473,3005.195
2019-09-16,3041.922,3030.754,3042.928,3020.05
2019-09-17,3023.711,2978.118,3023.711,2970.57
2019-09-18,2984.084,2985.659,2996.402,2982.4
2019-09-19,2992.922,2999.279,2999.279,2975.398
2019-09-20,3004.814,3006.447,3011.34,2996.193
2019-09-23,2998.4,2977.077,2998.4,2960.827
2019-09-24,2979.475,2985.341,3002.897,2973.76
2019-09-25,2977.668,2955.433,2977.668,2955.433
2019-09-26,2964.478,2929.088,2970.035,2928.259
2019-09-27,2929.486,2932.167,2939.079,2920.93
2019-09-30,2927.917,2905.189,2936.482,2905.189
2019-10-08,2905.756,2913.57,2933.016,2905.756
2019-10-09,2902.075,2924.857,2924.857,2891.539
2019-10-10,2923.707,2947.711,2949.24,2918.228
2019-10-11,2954.819,2973.656,2980.788,2943.014
2019-10-14,2993.962,3007.883,3026.383,2989.813
2019-10-15,3005.665,2991.046,3005.665,2986.303
2019-10-16,2992.61,2978.712,3010.424,2975.923
2019-10-17,2979.993,2977.334,2986.719,2969.568
2019-10-18,2982.342,2938.141,2987.204,2933.242
2019-10-21,2933.897,2939.618,2940.325,2917.688
2019-10-22,2945.6,2954.38,2954.642,2934.387
2019-10-23,2952.969,2941.619,2957.3,2934.627
2019-10-24,2944.007,2940.922,2953.044,2927.061
2019-10-25,2940.474,2954.933,2958.241,2920.52
2019-10-28,2958.686,2980.05,2980.128,2956.961
2019-10-29,2979.037,2954.176,2979.037,2954.176
2019-10-30,2949.463,2939.321,2953.299,2934.828
2019-10-31,2944.843,2929.056,2946.752,2923.517
2019-11-01,2924.34,2958.199,2959.833,2917.146
2019-11-04,2964.576,2975.492,2983.058,2964.576
2019-11-05,2977.705,2991.562,3008.314,2968.032
2019-11-06,2992.04,2978.596,2995.563,2969.724
2019-11-07,2978.153,2978.714,2988.955,2969.12
2019-11-08,2993.977,2964.185,2998.759,2962.845
2019-11-11,2949.962,2909.975,2949.962,2906.769
2019-11-12,2912.996,2914.823,2918.303,2891.511
2019-11-13,2913.02,2905.241,2913.861,2893.971
2019-11-14,2907.736,2909.87,2917.374,2899.619
2019-11-15,2911.35,2891.343,2917.829,2891.204
2019-11-18,2889.55,2909.2,2911.378,2884.088
2019-11-19,2904.278,2933.991,2933.991,2902.855
2019-11-20,2928.107,2911.053,2930.493,2907.423
2019-11-21,2902.553,2903.638,2910.361,2891.531
2019-11-22,2906.243,2885.288,2925.018,2873.99
2019-11-25,2885.613,2906.169,2906.609,2880.654
2019-11-26,2912.521,2907.06,2915.041,2897.928
2019-11-27,2905.396,2903.195,2914.487,2893.418
2019-11-28,2902.364,2889.693,2909.84,2883.434
2019-11-29,2885.974,2871.981,2892.388,2858.581
2019-12-02,2874.448,2875.807,2888.89,2870.242
2019-12-03,2869.882,2884.699,2884.856,2857.32
2019-12-04,2876.908,2878.116,2882.498,2869.422
2019-12-05,2886.516,2899.469,2902.002,2885.08
2019-12-06,2902.278,2912.014,2912.014,2894.751
2019-12-09,2914.458,2914.478,2919.589,2905.25
2019-12-10,2908.944,2917.316,2919.201,2902.79
2019-12-11,2922.602,2924.417,2928.256,2915.001
2019-12-12,2926.342,2915.698,2926.342,2913.476
2019-12-13,2937.776,2967.676,2969.981,2935.849
2019-12-16,2970.969,2984.393,2984.641,2958.706
2019-12-17,2985.262,3022.422,3039.383,2982.496
2019-12-18,3021.466,3017.044,3033.234,3011.721
2019-12-19,3017.153,3017.066,3021.418,3007.992
2019-12-20,3019.64,3004.938,3027.484,3002.26
2019-12-23,2999.036,2962.751,3009.338,2960.435
2019-12-24,2965.826,2982.681,2983.819,2960.684
2019-12-25,2980.428,2981.881,2988.292,2970.657
2019-12-26,2981.249,3007.355,3007.355,2980.397
2019-12-27,3006.852,3005.036,3036.113,3003.631
2019-12-30,2998.169,3040.024,3041.397,2983.344
2019-12-31,3036.386,3050.124,3051.677,3030.512
2020-01-02,3066.336,3085.198,3098.1,3066.336
2020-01-03,3089.022,3083.786,3093.819,3074.518
2020-01-06,3070.909,3083.408,3107.203,3065.309
2020-01-07,3085.488,3104.802,3105.451,3084.329
2020-01-08,3094.239,3066.893,3094.239,3059.131
2020-01-09,3082.64,3094.882,3097.329,3080.131
2020-01-10,3102.294,3092.291,3105.225,3081.396
2020-01-13,3091.493,3115.57,3115.57,3075.384
2020-01-14,3120.667,3106.82,3127.169,3105.605
2020-01-15,3103.175,3090.038,3107.943,3082.043
2020-01-16,3095.734,3074.081,3096.372,3070.884
2020-01-17,3081.464,3075.496,3091.952,3067.253
2020-01-20,3082.113,3095.787,3096.311,3070.48
2020-01-21,3085.79,3052.142,3085.79,3051.23
2020-01-22,3038.487,3060.755,3069.253,3006.268
2020-01-23,3037.952,2976.528,3045.041,2955.346
2020-02-03,2716.698,2746.606,2766.577,2716.698
2020-02-04,2685.269,2783.288,2786.164,2685.269
2020-02-05,2792.371,2818.088,2842.743,2778.864
2020-02-06,2826.885,2866.51,2876.588,2807.609
2020-02-07,2858.932,2875.964,2875.964,2838.77
2020-02-10,2860.499,2890.488,2891.848,2851.05
2020-02-11,2894.541,2901.674,2913.816,2882.243
2020-02-12,2895.556,2926.899,2926.899,2892.424
2020-02-13,2927.144,2906.074,2935.406,2901.243
2020-02-14,2899.866,2917.008,2926.943,2899.574
2020-02-17,2924.991,2983.622,2983.637,2924.991
2020-02-18,2981.41,2984.972,2990.6,2960.775
2020-02-19,2979.522,2975.402,2998.272,2971.822
2020-02-20,2981.88,3030.154,3031.371,2968.445
2020-02-21,3022.246,3039.669,3058.898,3020.141
2020-02-24,3027.893,3031.233,3042.182,3007.356
2020-02-25,2982.07,3013.05,3016.946,2943.717
2020-02-26,2978.42,2987.929,3028.779,2974.942
2020-02-27,2992.492,2991.329,3009.458,2980.477
2020-02-28,2924.641,2880.304,2948.126,2878.544
2020-03-02,2899.31,2970.931,2982.507,2899.31
2020-03-03,3006.889,2992.897,3026.842,2976.623
2020-03-04,2981.806,3011.666,3012.004,2974.358
2020-03-05,3036.155,3071.677,3074.257,3022.926
2020-03-06,3039.94,3034.511,3052.444,3029.463
2020-03-09,2987.181,2943.291,2989.205,2940.714
2020-03-10,2918.935,2996.762,3000.296,2904.799
2020-03-11,3001.762,2968.517,3010.029,2968.517
2020-03-12,2936.016,2923.486,2944.465,2906.284
2020-03-13,2804.232,2887.427,2910.881,2799.984
2020-03-16,2897.301,2789.254,2898.035,2784.662
2020-03-17,2796.284,2779.641,2826.907,2715.221
2020-03-18,2792.322,2728.756,2815.874,2728.756
2020-03-19,2719.406,2702.13,2736.82,2646.805
2020-03-20,2727.019,2745.618,2751.896,2702.493
2020-03-23,2677.591,2660.167,2703.33,2656.501
2020-03-24,2703.019,2722.438,2723.407,2667.133
2020-03-25,2775.303,2781.591,2788.635,2757.802
2020-03-26,2761.896,2764.911,2788.504,2753.428
2020-03-27,2792.984,2772.203,2805.548,2771.756
2020-03-30,2739.719,2747.214,2759.099,2723.054
2020-03-31,2767.307,2750.296,2771.168,2743.115
2020-04-01,2743.541,2734.522,2773.364,2731.079
2020-04-02,2720.228,2780.638,2780.638,2719.904
2020-04-03,2773.576,2763.987,2780.587,2754.073
2020-04-07,2806.968,2820.763,2823.277,2801.839
2020-04-08,2805.917,2815.369,2823.214,2800.296
2020-04-09,2825.839,2825.904,2832.395,2820.433
2020-04-10,2827.187,2796.631,2833.015,2789.976
2020-04-13,2784.598,2783.048,2792.891,2774.081
2020-04-14,2794.801,2827.283,2827.298,2789.428
2020-04-15,2826.662,2811.174,2829.75,2808.704
2020-04-16,2798.43,2819.935,2823.338,2796.839
2020-04-17,2835.558,2838.495,2854.96,2830.022
2020-04-20,2840.409,2852.553,2852.99,2833.262
2020-04-21,2842.237,2827.013,2842.237,2808.021
2020-04-22,2814.066,2843.98,2843.98,2808.482
2020-04-23,2850.51,2838.499,2853.636,2835.896
2020-04-24,2834.939,2808.529,2834.939,2802.499
2020-04-27,2812.242,2815.495,2832.666,2802.958
2020-04-28,2819.991,2810.024,2821.745,2758.246
2020-04-29,2801.383,2822.442,2831.764,2800.738
2020-04-30,2832.384,2860.082,2865.59,2832.384
2020-05-06,2831.633,2878.14,2879.263,2830.654
2020-05-07,2876.473,2871.523,2882.022,2864.581
2020-05-08,2882.708,2895.344,2903.797,2879.203
2020-05-11,2901.574,2894.802,2914.284,2884.381
2020-05-12,2894.617,2891.556,2897.902,2871.23
2020-05-13,2882.955,2898.05,2900.259,2875.535
2020-05-14,2887.058,2870.342,2887.058,2869.183
2020-05-15,2880.707,2868.459,2884.22,2863.37
2020-05-18,2872.524,2875.418,2889.98,2862.271
2020-05-19,2897.687,2898.576,2900.219,2887.577
2020-05-20,2896.466,2883.738,2896.466,2876.177
2020-05-21,2890.721,2867.924,2891.518,2864.207
2020-05-22,2863.046,2813.765,2863.046,2808.018
2020-05-25,2816.241,2817.97,2821.498,2802.465
2020-05-26,2827.897,2846.547,2848.337,2825.901
2020-05-27,2847.32,2836.804,2848.997,2831.928
2020-05-28,2838.207,2846.222,2861.924,2820.146
2020-05-29,2835.584,2852.351,2855.376,2829.627
2020-06-01,2871.964,2915.431,2917.151,2871.964
2020-06-02,2916.317,2921.398,2926.359,2909.128
2020-06-03,2930.391,2923.371,2942.76,2922.661
2020-06-04,2931.838,2919.251,2932.968,2910.752
2020-06-05,2923.189,2930.799,2930.799,2909.118
2020-06-08,2941.982,2937.771,2950.066,2934.21
2020-06-09,2939.535,2956.112,2957.119,2932.939
2020-06-10,2951.278,2943.753,2951.33,2934.843
2020-06-11,2939.791,2920.897,2952.651,2912.193
2020-06-12,2876.803,2919.741,2930.255,2872.617
2020-06-15,2908.277,2890.031,2922.536,2890.031
2020-06-16,2912.825,2931.749,2931.779,2909.134
2020-06-17,2932.671,2935.873,2936.616,2919.035
2020-06-18,2929.88,2939.315,2942.898,2920.105
2020-06-19,2938.789,2967.634,2973.316,2935.824
2020-06-22,2966.901,2965.272,2983.438,2959.035
2020-06-23,2960.888,2970.62,2972.403,2949.847
2020-06-24,2972.983,2979.551,2982.943,2971.224
2020-06-29,2973.076,2961.516,2977.912,2951.77
2020-06-30,2965.105,2984.674,2990.825,2965.105
2020-07-01,2991.181,3025.981,3026.186,2984.984
2020-07-02,3023.719,3090.569,3092.443,3021.674
2020-07-03,3103.995,3152.813,3152.813,3103.995
2020-07-06,3187.839,3332.881,3337.272,3187.839
2020-07-07,3380.954,3345.337,3407.081,3336.242
2020-07-08,3337.552,3403.44,3421.531,3327.706
2020-07-09,3403.483,3450.594,3456.972,3393.638
2020-07-10,3418.935,3383.322,3433.109,3372.507
2020-07-13,3379.387,3443.286,3458.791,3369.038
2020-07-14,3435.024,3414.619,3451.222,3366.083
2020-07-15,3422.078,3361.304,3432.451,3345.749
2020-07-16,3356.359,3210.099,3373.532,3209.727
2020-07-17,3214.402,3214.129,3252.779,3181.275
2020-07-20,3243.911,3314.149,3314.149,3220.684
2020-07-21,3330.547,3320.895,3336.679,3300.572
2020-07-22,3315.182,3333.164,3381.976,3311.786
2020-07-23,3306.149,3325.11,3336.3,3257.827
2020-07-24,3310.645,3196.768,3319.127,3184.965
2020-07-27,3210.386,3205.227,3221.985,3174.658
2020-07-28,3226.133,3227.96,3245.297,3208.494
2020-07-29,3221.988,3294.552,3294.552,3209.99
2020-07-30,3299.572,3286.822,3312.451,3282.162
2020-07-31,3280.796,3310.007,3333.786,3261.614
2020-08-03,3332.183,3367.966,3368.103,3327.677
2020-08-04,3376.44,3371.688,3391.074,3352.502
2020-08-05,3363.332,3377.565,3383.637,3333.877
2020-08-06,3380.762,3386.463,3392.705,3334.334
2020-08-07,3370.588,3354.035,3374.133,3307.713
2020-08-10,3341.528,3379.252,3399.932,3335.043
2020-08-11,3379.487,3340.29,3409.059,3336.095
2020-08-12,3327.493,3319.266,3335.729,3263.265
2020-08-13,3328.175,3320.726,3338.152,3309.463
2020-08-14,3315.669,3360.099,3362.027,3302.736
2020-08-17,3373.902,3438.801,3450.899,3369.374
2020-08-18,3441.934,3451.089,3456.721,3432.64
2020-08-19,3444.565,3408.129,3454.461,3406.164
2020-08-20,3385.965,3363.899,3394.557,3352.777
2020-08-21,3380.227,3380.683,3393.918,3358.001
2020-08-24,3391.113,3385.638,3396.566,3368.026
2020-08-25,3392.88,3373.578,3408.87,3364.16
2020-08-26,3371.808,3329.739,3382.603,3320.136
2020-08-27,3333.491,3350.113,3351.832,3312.986
2020-08-28,3346.289,3403.807,3405.877,3339.649
2020-08-31,3416.55,3395.678,3442.736,3395.468
2020-09-01,3389.742,3410.607,3410.607,3381.711
2020-09-02,3420.469,3404.802,3421.396,3377.211
2020-09-03,3404.032,3384.981,3425.629,3374.263
2020-09-04,3336.408,3355.367,3360.106,3328.552
2020-09-07,3349.918,3292.591,3368.245,3285.633
2020-09-08,3301.217,3316.417,3324.393,3276.443
2020-09-09,3280.997,3254.628,3289.615,3238.561
2020-09-10,3282.232,3234.823,3285.473,3227.644
2020-09-11,3225.784,3260.346,3262.498,3220.536
2020-09-14,3275.918,3278.814,3283.533,3261.148
2020-09-15,3277.128,3295.68,3297.69,3263.752
2020-09-16,3293.168,3283.924,3302.456,3271.075
2020-09-17,3277.324,3270.435,3290.409,3248.499
2020-09-18,3270.911,3338.09,3338.324,3268.526
2020-09-21,3348.899,3316.935,3350.589,3313.071
2020-09-22,3290.666,3274.302,3320.228,3265.703
2020-09-23,3278.836,3279.711,3289.762,3264.891
2020-09-24,3262.879,3223.176,3265.345,3221.237
2020-09-25,3234.374,3219.418,3239.466,3208.035
2020-09-28,3224.977,3217.535,3238.183,3210.893
2020-09-29,3231.855,3224.359,3242.794,3219.79
2020-09-30,3232.71,3218.052,3244.913,3202.344
2020-10-09,3262.611,3272.076,3280.512,3260.187
2020-10-12,3287.328,3358.465,3359.153,3286.111
2020-10-13,3353.121,3359.75,3361.832,3334.499
2020-10-14,3353.625,3340.778,3353.625,3332.964
2020-10-15,3342.922,3332.183,3354.578,3330.001
2020-10-16,3334.457,3336.358,3348.954,3319.11
2020-10-19,3351.096,3312.667,3371.086,3307.841
2020-10-20,3307.15,3328.103,3328.103,3293.766
2020-10-21,3332.147,3325.025,3332.147,3304.169
2020-10-22,3315.821,3312.501,3320.879,3281.366
2020-10-23,3308.158,3277.997,3326.049,3276.62
2020-10-26,3258.703,3251.119,3264.446,3226.602
2020-10-27,3240.74,3254.316,3258.337,3235.544
2020-10-28,3256.223,3269.238,3275.871,3238.382
2020-10-29,3235.765,3272.727,3289.766,3231.124
2020-10-30,3278.631,3224.533,3279.856,3219.422
2020-11-02,3228.715,3225.12,3242.804,3209.909
2020-11-03,3239.806,3271.074,3278.381,3237.854
2020-11-04,3273.433,3277.44,3286.621,3254.111
2020-11-05,3305.58,3320.133,3320.408,3291.6
2020-11-06,3326.465,3312.159,3326.465,3292.151
2020-11-09,3329.429,3373.734,3380.824,3329.429
2020-11-10,3387.622,3360.149,3387.622,3346.172
2020-11-11,3354.025,3342.203,3365.836,3339.041
2020-11-12,3344.456,3338.679,3350.285,3329.485
2020-11-13,3327.229,3310.105,3327.229,3291.643
2020-11-16,3325.621,3346.969,3346.969,3313.647
2020-11-17,3347.151,3339.895,3347.698,3323.951
2020-11-18,3337.332,3347.303,3358.894,3333.992
2020-11-19,3339.086,3363.088,3367.333,3330.45
2020-11-20,3359.597,3377.727,3380.149,3356.309
2020-11-23,3384.104,3414.49,3431.653,3377.986
2020-11-24,3407.409,3402.823,3413.926,3396.244
2020-11-25,3417.515,3362.327,3423.485,3362.327
2020-11-26,3360.061,3369.733,3371.454,3344.282
2020-11-27,3373.843,3408.307,3408.307,3364.492
2020-11-30,3418.158,3391.755,3456.737,3391.755
2020-12-01,3388.987,3451.938,3457.635,3386.911
2020-12-02,3453.518,3449.381,3465.729,3435.871
2020-12-03,3448.54,3442.136,3452.161,3428.804
2020-12-04,3436.729,3444.581,3448.404,3417.048
2020-12-07,3446.648,3416.604,3449.578,3414.314
2020-12-08,3417.694,3410.177,3428.662,3403.026
2020-12-09,3416.078,3371.964,3422.536,3371.916
2020-12-10,3365.731,3373.276,3384.888,3357.753
2020-12-11,3381.008,3347.191,3383.178,3325.172
2020-12-14,3349.534,3369.12,3371.129,3338.626
2020-12-15,3366.581,3367.233,3373.558,3348.419
2020-12-16,3371.263,3366.983,3378.663,3359.171
2020-12-17,3367.277,3404.873,3406.155,3354.011
2020-12-18,3400.486,3394.896,3413.813,3382.751
2020-12-21,3394.395,3420.569,3423.609,3381.116
2020-12-22,3410.968,3356.782,3415.754,3353.858
2020-12-23,3362.472,3382.32,3394.209,3360.202
2020-12-24,3382.193,3363.113,3394.075,3354.022
2020-12-25,3351.79,3396.563,3397.007,3348.345
2020-12-28,3396.359,3397.285,3412.519,3383.654
2020-12-29,3399.294,3379.036,3407.088,3376.088
2020-12-30,3375.009,3414.453,3414.454,3374.416
2020-12-31,3419.727,3473.069,3474.918,3419.727
2021-01-04,3474.679,3502.958,3511.655,3457.206
2021-01-05,3492.191,3528.677,3528.677,3484.715
2021-01-06,3530.907,3550.877,3556.802,3513.126
2021-01-07,3552.909,3576.205,3576.205,3526.617
2021-01-08,3577.692,3570.108,3588.063,3544.891
2021-01-11,3571.321,3531.498,3597.702,3516.986
2021-01-12,3518.011,3608.339,3608.339,3517.469
2021-01-13,3613.281,3598.652,3622.348,3575.595
2021-01-14,3584.932,3565.905,3599.058,3559.6
2021-01-15,3566.285,3566.378,3589.266,3533.788
2021-01-18,3554.798,3596.224,3608.767,3544.261
2021-01-19,3596.356,3566.381,3603.148,3553.024
2021-01-20,3564.121,3583.092,3589.962,3556.443
2021-01-21,3590.925,3621.264,3636.244,3585.802
2021-01-22,3616.54,3606.75,3616.54,3585.034
2021-01-25,3605.361,3624.238,3637.1,3591.02
2021-01-26,3610.969,3569.429,3610.969,3564.742
2021-01-27,3567.549,3573.341,3578.797,3546.492
2021-01-28,3534.669,3505.176,3549.544,3496.879
2021-01-29,3521.718,3483.069,3531.598,3446.547
2021-02-01,3477.172,3505.284,3506.389,3469.875
2021-02-02,3510.808,3533.685,3535.502,3495.568
2021-02-03,3531.149,3517.308,3544.009,3508.507
2021-02-04,3503.779,3501.859,3524.722,3465.771
2021-02-05,3509.487,3496.333,3536.542,3492.962
2021-02-08,3504.563,3532.447,3542.208,3492.129
2021-02-09,3539.773,3603.489,3604.011,3528.676
2021-02-10,3612.613,3655.088,3662.766,3612.505
2021-02-18,3721.087,3675.357,3731.687,3663.664
2021-02-19,3661.783,3696.168,3699.65,3634.015
2021-02-22,3707.191,3642.445,3717.267,3642.445
2021-02-23,3617.701,3636.357,3672.151,3617.701
2021-02-24,3638.936,3564.08,3645.647,3531.594
2021-02-25,3595.542,3585.046,3608.557,3568.474
2021-02-26,3514.565,3509.08,3550.406,3500.704
2021-03-01,3531.48,3551.4,3552.567,3511.989
2021-03-02,3566.852,3508.591,3566.852,3485.364
2021-03-03,3500.158,3576.905,3577.622,3498.719
2021-03-04,3546.641,3503.492,3552.202,3487.376
2021-03-05,3463.309,3501.987,3523.568,3456.667
2021-03-08,3524.983,3421.414,3542.304,3421.215
2021-03-09,3415.339,3359.292,3429.15,3328.312
2021-03-10,3389.839,3357.737,3397.025,3354.823
2021-03-11,3369.902,3436.831,3436.831,3369.902
2021-03-12,3447.203,3453.078,3454.506,3417.239
2021-03-15,3441.882,3419.946,3457.489,3392.509
2021-03-16,3424.652,3446.733,3448.883,3406.175
2021-03-17,3435.732,3445.551,3454.056,3410.282
2021-03-18,3449.641,3463.068,3478.145,3449.377
2021-03-19,3423.873,3404.663,3439.524,3389.293
2021-03-22,3406.123,3443.439,3443.66,3404.234
2021-03-23,3445.341,3411.509,3445.416,3390.048
2021-03-24,3394.128,3367.061,3415.295,3362.185
2021-03-25,3355.071,3363.592,3382.226,3344.97
2021-03-26,3373.317,3418.327,3423.223,3373.317
2021-03-29,3429.632,3435.296,3449.834,3409.887
2021-03-30,3432.529,3456.677,3457.635,3423.315
2021-03-31,3452.208,3441.912,3452.208,3420.832
2021-04-01,3444.81,3466.332,3470.031,3438.826
2021-04-02,3472.628,3484.392,3487.586,3462.832
2021-04-06,3491.634,3482.967,3493.281,3471.761
2021-04-07,3483.421,3479.626,3483.421,3453.195
2021-04-08,3467.487,3482.555,3495.909,3459.325
2021-04-09,3475.443,3450.677,3475.447,3442.139
2021-04-12,3445.97,3412.948,3456.158,3403.901
2021-04-13,3411.293,3396.47,3425.395,3387.902
2021-04-14,3397.021,3416.721,3420.028,3392.975
2021-04-15,3409.614,3398.988,3409.614,3373.094
2021-04-16,3407.188,3426.618,3432.629,3394.134
2021-04-19,3427.548,3477.549,3479.01,3414.356
2021-04-20,3467.148,3472.943,3494.298,3463.464
2021-04-21,3456.299,3472.93,3481.251,3450.111
2021-04-22,3482.833,3465.114,3485.359,3456.316
2021-04-23,3462.086,3474.166,3482.359,3456.333
2021-04-26,3484.107,3441.166,3497.121,3438.572
2021-04-27,3440.091,3442.611,3443.854,3417.265
2021-04-28,3432.161,3457.068,3457.068,3423.325
2021-04-29,3458.082,3474.901,3478.228,3447.588
2021-04-30,3468.302,3446.856,3469.087,3426.902
2021-05-06,3446.074,3441.283,3471.24,3426.849
2021-05-07,3446.407,3418.874,3457.892,3416.776
2021-05-10,3423.59,3427.991,3429.736,3401.935
2021-05-11,3406.598,3441.845,3448.096,3384.697
2021-05-12,3429.754,3462.751,3466.371,3428.394
2021-05-13,3432.138,3429.536,3448.017,3418.385
2021-05-14,3436.092,3490.376,3490.644,3422.565
2021-05-17,3490.409,3517.616,3530.506,3490.144
2021-05-18,3520.649,3529.014,3529.014,3510.862
2021-05-19,3521.11,3510.965,3521.11,3503.815
2021-05-20,3500.877,3506.944,3517.74,3486.066
2021-05-21,3510.835,3486.557,3518.377,3479.674
2021-05-24,3486.271,3497.282,3498.304,3469.875
2021-05-25,3502.539,3581.342,3584.577,3502.443
2021-05-26,3586.839,3593.357,3603.488,3585.37
2021-05-27,3585.734,3608.851,3626.358,3579.26
2021-05-28,3610.767,3600.784,3622.18,3582.358
2021-05-31,3600.07,3615.477,3615.657,3580.652
2021-06-01,3608.598,3624.714,3626.074,3581.912
2021-06-02,3626.328,3597.138,3629.29,3584.596
2021-06-03,3595.422,3584.212,3618.507,3584.205
2021-06-04,3565.472,3591.845,3618.8,3561.891
2021-06-07,3597.141,3599.541,3600.376,3581.899
2021-06-08,3598.753,3580.106,3621.523,3563.25
2021-06-09,3576.802,3591.397,3598.708,3572.636
2021-06-10,3587.528,3610.859,3624.343,3584.133
2021-06-11,3614.113,3589.748,3614.404,3587.149
2021-06-15,3587.466,3556.559,3592.947,3547.187
2021-06-16,3556.714,3518.329,3561.092,3513.559
2021-06-17,3508.317,3525.604,3534.198,3507.354
2021-06-18,3520.497,3525.097,3535.622,3503.183
2021-06-21,3515.501,3529.183,3540.296,3504.008
2021-06-22,3539.788,3557.412,3560.195,3536.812
2021-06-23,3559.399,3566.22,3577.466,3549.848
2021-06-24,3568.576,3566.654,3570.487,3548.816
2021-06-25,3567.377,3607.562,3614.298,3564.52
2021-06-28,3612.247,3606.372,3614.357,3594.217
2021-06-29,3601.677,3573.178,3601.827,3570.525
2021-06-30,3572.624,3591.197,3594.119,3569.501
2021-07-01,3600.546,3588.782,3607.705,3573.937
2021-07-02,3569.892,3518.76,3569.892,3514.339
2021-07-05,3516.923,3534.322,3534.322,3510.578
2021-07-06,3533.13,3530.259,3538.347,3496.928
2021-07-07,3508.59,3553.716,3557.879,3504.472
2021-07-08,3557.218,3525.504,3558.677,3521.058
2021-07-09,3512.233,3524.088,3529.31,3485.054
2021-07-12,3545.198,3547.836,3565.032,3527.393
2021-07-13,3547.59,3566.523,3567.481,3542.815
2021-07-14,3560.828,3528.501,3560.828,3525.494
2021-07-15,3519.063,3564.59,3565.935,3514.258
2021-07-16,3559.526,3539.304,3565.999,3537.729
2021-07-19,3530.493,3539.123,3544.879,3506.342
2021-07-20,3515.072,3536.791,3538.636,3509.192
2021-07-21,3543.053,3562.661,3569.09,3543.053
2021-07-22,3563.661,3574.734,3576.473,3558.293
2021-07-23,3571.715,3550.396,3571.854,3541.51
2021-07-26,3538.014,3467.441,3538.014,3424.742
2021-07-27,3467.447,3381.183,3483.874,3380.276
2021-07-28,3355.819,3361.59,3385.536,3312.721
2021-07-29,3403.838,3411.724,3416.607,3382.571
2021-07-30,3398.196,3397.357,3404.881,3370.451
2021-08-02,3385.69,3464.285,3464.291,3367.643
2021-08-03,3446.784,3447.991,3470.657,3435.462
2021-08-04,3442.937,3477.219,3477.597,3440.784
2021-08-05,3461.719,3466.549,3486.157,3449.389
2021-08-06,3465.484,3458.228,3466.39,3436.932
2021-08-09,3441.75,3494.635,3502.841,3438.703
2021-08-10,3488.664,3529.931,3529.931,3477.064
2021-08-11,3527.109,3532.621,3544.094,3524.044
2021-08-12,3522.724,3524.737,3538.396,3513.446
2021-08-13,3514.467,3516.299,3540.08,3500.8
2021-08-16,3514.345,3517.345,3537.85,3510.898
2021-08-17,3512.109,3446.976,3531.725,3438.123
2021-08-18,3442.347,3485.286,3487.436,3437.691
2021-08-19,3475.298,3465.555,3480.46,3446.015
2021-08-20,3442.506,3427.334,3453.153,3394.972
2021-08-23,3436.796,3477.132,3481.254,3436.671
2021-08-24,3482.266,3514.471,3522.697,3481.141
2021-08-25,3517.915,3540.384,3540.395,3510.066
2021-08-26,3537.314,3501.664,3537.316,3499.453
2021-08-27,3494.418,3522.157,3530.193,3493.375
2021-08-30,3535.073,3528.151,3539.494,3512.993
2021-08-31,3519.025,3543.94,3543.94,3496.389
2021-09-01,3543.866,3567.101,3582.324,3514.674
2021-09-02,3559.903,3597.043,3597.366,3557.677
2021-09-03,3602.742,3581.734,3613.948,3569.399
2021-09-06,3580.141,3621.859,3626.287,3580.141
2021-09-07,3621.71,3676.587,3681.925,3615.144
2021-09-08,3673.402,3675.187,3695.32,3661.0
2021-09-09,3666.825,3693.13,3693.45,3662.163
2021-09-10,3691.186,3703.11,3722.873,3681.642
2021-09-13,3699.253,3715.372,3716.832,3692.816
2021-09-14,3709.634,3662.602,3723.845,3655.634
2021-09-15,3651.158,3656.223,3677.527,3638.323
2021-09-16,3664.841,3607.092,3677.92,3606.728
2021-09-17,3595.272,3613.966,3620.958,3569.271
2021-09-22,3563.207,3628.49,3629.454,3560.503
2021-09-23,3651.266,3642.22,3670.954,3632.282
2021-09-24,3637.868,3613.067,3651.429,3607.792
2021-09-27,3625.96,3582.831,3640.808,3559.915
2021-09-28,3577.886,3602.218,3610.917,3568.819
2021-09-29,3573.518,3536.294,3573.518,3518.048
2021-09-30,3541.928,3568.167,3572.426,3541.928
2021-10-08,3609.087,3592.167,3612.554,3571.734
2021-10-11,3600.357,3591.709,3614.699,3586.749
2021-10-12,3581.297,3546.936,3583.639,3515.141
2021-10-13,3543.492,3561.762,3569.133,3515.648
2021-10-14,3555.109,3558.28,3569.686,3547.182
2021-10-15,3551.987,3572.366,3578.766,3542.693
2021-10-18,3571.048,3568.138,3571.048,3539.478
2021-10-19,3562.296,3593.153,3596.788,3560.622
2021-10-20,3583.236,3587.001,3596.05,3574.296
2021-10-21,3590.05,3594.783,3610.96,3576.355
2021-10-22,3594.746,3582.604,3607.578,3578.76
2021-10-25,3574.263,3609.863,3611.091,3564.206
2021-10-26,3612.833,3597.638,3625.016,3589.706
2021-10-27,3589.857,3562.305,3589.857,3553.128
2021-10-28,3548.702,3518.417,3552.042,3509.487
2021-10-29,3519.328,3547.336,3547.336,3502.801
2021-11-01,3530.396,3544.48,3556.59,3519.29
2021-11-02,3543.383,3505.628,3559.048,3477.664
2021-11-03,3501.105,3498.537,3512.609,3480.488
2021-11-04,3505.894,3526.866,3527.952,3503.006
2021-11-05,3520.207,3491.568,3525.872,3491.457
2021-11-08,3491.971,3498.631,3507.274,3484.24
2021-11-09,3507.108,3507.002,3514.951,3489.043
2021-11-10,3498.945,3492.462,3498.945,3448.438
2021-11-11,3486.451,3532.786,3534.199,3482.829
2021-11-12,3534.151,3539.1,3543.648,3527.39
2021-11-15,3542.903,3533.303,3550.444,3521.292
2021-11-16,3530.458,3521.787,3549.765,3517.807
2021-11-17,3518.565,3537.366,3537.513,3513.523
2021-11-18,3531.492,3520.711,3537.976,3513.114
2021-11-19,3519.276,3560.373,3561.913,3517.651
2021-11-22,3562.763,3582.08,3585.188,3562.751
2021-11-23,3580.506,3589.089,3598.375,3577.361
2021-11-24,3590.019,3592.703,3602.735,3575.288
2021-11-25,3593.388,3584.179,3597.148,3579.533
2021-11-26,3576.114,3564.089,3576.114,3554.88
2021-11-29,3528.672,3562.697,3563.677,3526.355
2021-11-30,3570.747,3563.887,3582.115,3546.362
2021-12-01,3561.886,3576.885,3576.885,3558.691
2021-12-02,3573.247,3573.836,3586.867,3567.137
2021-12-03,3576.45,3607.432,3608.47,3573.214
2021-12-06,3615.236,3589.306,3626.126,3586.805
2021-12-07,3611.217,3595.088,3614.223,3572.569
2021-12-08,3602.824,3637.568,3637.715,3591.986
2021-12-09,3641.158,3673.041,3688.397,3638.702
2021-12-10,3654.368,3666.348,3667.855,3651.353
2021-12-13,3686.937,3681.082,3708.942,3678.058
2021-12-14,3669.807,3661.525,3671.678,3654.656
2021-12-15,3655.049,3647.63,3668.402,3645.243
2021-12-16,3648.927,3675.016,3675.016,3644.665
2021-12-17,3670.258,3632.364,3673.654,3631.661
2021-12-20,3620.037,3593.602,3643.954,3589.36
2021-12-21,3591.452,3625.125,3627.088,3591.452
2021-12-22,3632.676,3622.618,3635.899,3616.548
2021-12-23,3625.47,3643.339,3643.546,3618.048
2021-12-24,3645.395,3618.054,3648.956,3612.067
2021-12-27,3613.047,3615.974,3632.188,3601.935
2021-12-28,3619.642,3630.112,3631.077,3607.364
2021-12-29,3630.916,3597.0,3630.916,3596.323
2021-12-30,3596.492,3619.189,3628.918,3595.496
2021-12-31,3626.242,3639.775,3642.843,3624.942
2022-01-04,3649.151,3632.329,3651.892,3610.092
2022-01-05,3628.263,3595.176,3628.263,3583.467
2022-01-06,3581.218,3586.079,3594.489,3559.88
2022-01-07,3588.985,3579.543,3607.232,3577.098
2022-01-10,3572.743,3593.519,3593.519,3555.126
2022-01-11,3589.904,3567.441,3602.145,3562.754
2022-01-12,3578.163,3597.432,3599.499,3572.097
2022-01-13,3601.027,3555.259,3601.073,3555.158
2022-01-14,3544.065,3521.256,3548.42,3519.322
2022-01-17,3522.085,3541.666,3546.085,3519.426
2022-01-18,3541.89,3569.914,3579.313,3531.33
2022-01-19,3567.631,3558.18,3578.735,3541.662
2022-01-20,3556.226,3555.063,3576.259,3540.555
2022-01-21,3546.75,3522.568,3547.0,3514.885
2022-01-24,3508.244,3524.105,3531.608,3500.139
2022-01-25,3509.285,3433.061,3519.833,3433.061
2022-01-26,3442.692,3455.668,3462.123,3417.759
2022-01-27,3456.102,3394.247,3456.363,3392.015
2022-01-28,3407.593,3361.44,3417.045,3356.556
2022-02-07,3407.762,3429.581,3434.026,3407.762
2022-02-08,3428.542,3452.629,3453.186,3390.458
2022-02-09,3450.818,3479.946,3484.739,3444.085
2022-02-10,3481.91,3485.907,3488.855,3464.217
2022-02-11,3472.276,3462.948,3500.147,3459.33
2022-02-14,3451.847,3428.882,3457.265,3415.446
2022-02-15,3428.045,3446.089,3447.492,3421.64
2022-02-16,3457.073,3465.831,3475.058,3453.801
2022-02-17,3464.209,3468.035,3480.972,3454.277
2022-02-18,3451.632,3490.757,3490.757,3447.027
2022-02-21,3488.406,3490.612,3492.199,3471.686
2022-02-22,3473.287,3457.146,3473.393,3437.672
2022-02-23,3458.514,3489.147,3490.763,3458.18
2022-02-24,3474.369,3429.956,3486.977,3400.214
2022-02-25,3445.336,3451.406,3480.176,3440.934
2022-02-28,3450.316,3462.306,3462.306,3425.516
2022-03-01,3471.365,3488.835,3491.132,3465.715
2022-03-02,3478.293,3484.192,3486.621,3467.0
2022-03-03,3495.928,3481.113,3500.287,3473.338
2022-03-04,3459.985,3447.649,3474.882,3437.696
2022-03-07,3438.56,3372.855,3438.56,3360.739
2022-03-08,3372.555,3293.53,3383.633,3287.341
2022-03-09,3303.706,3256.388,3321.481,3147.677
2022-03-10,3312.179,3296.092,3326.583,3291.235
2022-03-11,3259.323,3309.747,3315.66,3217.419
2022-03-14,3271.89,3223.533,3297.797,3223.533
2022-03-15,3192.364,3063.965,3196.916,3063.965
2022-03-16,3107.669,3170.71,3177.788,3023.305
2022-03-17,3215.011,3215.045,3260.167,3202.934
2022-03-18,3207.152,3251.072,3260.783,3197.358
2022-03-21,3255.615,3253.686,3267.498,3223.389
2022-03-22,3249.543,3259.862,3279.113,3239.532
2022-03-23,3264.792,3271.033,3279.887,3251.982
2022-03-24,3256.057,3250.264,3266.887,3236.659
2022-03-25,3247.157,3212.24,3257.106,3211.645
2022-03-28,3185.167,3214.503,3230.215,3159.835
2022-03-29,3216.012,3203.939,3229.177,3196.455
2022-03-30,3217.592,3266.596,3266.596,3216.302
2022-03-31,3256.137,3252.203,3272.04,3246.063
2022-04-01,3234.668,3282.717,3287.229,3226.297
2022-04-06,3269.427,3283.426,3288.108,3255.689
2022-04-07,3267.81,3236.695,3290.256,3236.479
2022-04-08,3239.877,3251.85,3257.094,3208.352
2022-04-11,3239.855,3167.126,3239.855,3156.507
2022-04-12,3165.12,3213.33,3214.536,3140.9
2022-04-13,3199.797,3186.824,3225.467,3183.533
2022-04-14,3203.634,3225.641,3240.001,3200.235
2022-04-15,3210.7,3211.245,3229.866,3200.133
2022-04-18,3185.943,3195.524,3204.027,3166.978
2022-04-19,3192.092,3194.029,3207.828,3174.714
2022-04-20,3189.891,3151.05,3191.832,3142.049
2022-04-21,3138.428,3079.808,3160.899,3069.681
2022-04-22,3058.404,3086.919,3105.655,3049.356
2022-04-25,3034.267,2928.512,3043.816,2928.51
2022-04-26,2930.453,2886.426,2957.68,2878.256
2022-04-27,2866.816,2958.282,2959.178,2863.65
2022-04-28,2945.811,2975.485,2991.51,2936.794
2022-04-29,2986.061,3047.062,3048.494,2968.334
2022-05-05,3044.849,3067.759,3082.23,3042.116
2022-05-06,3011.319,3001.561,3030.693,2992.715
2022-05-09,2990.199,3004.141,3015.943,2983.612
2022-05-10,2965.776,3035.844,3043.779,2957.397
2022-05-11,3035.389,3058.703,3100.9,3034.675
2022-05-12,3044.8,3054.994,3072.157,3032.945
2022-05-13,3068.033,3084.285,3086.096,3059.253
2022-05-16,3100.55,3073.749,3102.577,3063.398
2022-05-17,3076.498,3093.697,3093.697,3057.641
2022-05-18,3095.886,3085.977,3105.842,3071.305
2022-05-19,3046.71,3096.965,3096.965,3042.674
2022-05-20,3107.094,3146.567,3146.567,3107.094
2022-05-23,3150.49,3146.857,3150.509,3127.899
2022-05-24,3149.059,3070.927,3153.13,3070.927
2022-05-25,3070.17,3107.464,3107.628,3069.946
2022-05-26,3111.482,3123.108,3133.277,3079.481
2022-05-27,3135.032,3130.239,3151.047,3112.544
2022-05-30,3141.956,3149.061,3150.892,3123.15
2022-05-31,3149.944,3186.427,3188.603,3142.004
2022-06-01,3179.695,3182.157,3190.609,3160.04
2022-06-02,3170.306,3195.458,3197.282,3163.756
2022-06-06,3196.955,3236.372,3237.071,3181.647
2022-06-07,3235.416,3241.764,3253.093,3222.635
2022-06-08,3245.017,3263.793,3266.63,3216.015
2022-06-09,3259.49,3238.954,3270.557,3223.475
2022-06-10,3214.185,3284.834,3286.62,3210.808
2022-06-13,3256.275,3255.551,3272.991,3229.309
2022-06-14,3224.214,3288.907,3289.134,3195.819
2022-06-15,3289.104,3305.407,3358.545,3288.851
2022-06-16,3306.835,3285.385,3319.689,3277.531
2022-06-17,3265.512,3316.786,3323.28,3262.894
2022-06-20,3315.783,3315.43,3333.903,3292.928
2022-06-21,3313.787,3306.719,3329.39,3279.827
2022-06-22,3309.118,3267.202,3311.021,3266.543
2022-06-23,3269.055,3320.149,3320.149,3262.294
2022-06-24,3324.736,3349.747,3356.715,3322.95
2022-06-27,3364.003,3379.185,3393.309,3364.003
2022-06-28,3377.679,3409.21,3412.102,3358.867
2022-06-29,3399.678,3361.518,3414.647,3358.468
2022-06-30,3358.934,3398.616,3417.009,3358.934
2022-07-01,3400.262,3387.637,3404.052,3378.362
2022-07-04,3381.819,3405.427,3405.619,3364.095
2022-07-05,3411.13,3404.025,3424.837,3372.062
2022-07-06,3391.027,3355.35,3391.027,3333.097
2022-07-07,3353.128,3364.398,3375.86,3332.309
2022-07-08,3380.369,3356.078,3386.315,3354.121
2022-07-11,3341.102,3313.584,3341.102,3297.005
2022-07-12,3307.221,3281.467,3319.251,3277.079
2022-07-13,3279.603,3284.292,3297.019,3266.481
2022-07-14,3277.455,3281.744,3299.251,3261.493
2022-07-15,3261.383,3228.061,3288.92,3228.061
2022-07-18,3235.088,3278.103,3278.472,3226.232
2022-07-19,3278.722,3279.431,3283.93,3256.015
2022-07-20,3291.551,3304.724,3308.347,3287.744
2022-07-21,3297.661,3272.001,3300.535,3272.001
2022-07-22,3276.197,3269.974,3293.644,3246.731
2022-07-25,3269.707,3250.388,3273.184,3243.031
2022-07-26,3254.185,3277.436,3282.413,3246.044
2022-07-27,3271.783,3275.755,3282.574,3265.727
2022-07-28,3287.502,3282.576,3305.706,3277.108
2022-07-29,3282.811,3253.238,3294.805,3246.368
2022-08-01,3246.616,3259.959,3264.304,3225.553
2022-08-02,3231.262,3186.266,3231.262,3155.187
2022-08-03,3188.891,3163.674,3217.55,3159.457
2022-08-04,3179.428,3189.039,3190.999,3155.704
2022-08-05,3195.227,3227.027,3228.886,3184.455
2022-08-08,3218.851,3236.934,3237.969,3214.083
2022-08-09,3235.735,3247.432,3248.772,3227.539
2022-08-10,3242.362,3230.02,3253.166,3217.807
2022-08-11,3243.472,3281.665,3281.665,3237.904
2022-08-12,3275.77,3276.888,3288.223,3272.841
2022-08-15,3268.365,3276.087,3286.891,3261.815
2022-08-16,3278.676,3277.885,3295.023,3271.57
2022-08-17,3282.101,3292.526,3295.998,3263.348
2022-08-18,3286.367,3277.544,3289.142,3270.558
2022-08-19,3275.623,3258.078,3286.491,3258.064
2022-08-22,3249.705,3277.794,3278.166,3247.187
2022-08-23,3274.427,3276.223,3284.596,3262.633
2022-08-24,3279.172,3215.203,3281.875,3212.386
2022-08-25,3223.465,3246.248,3248.351,3199.124
2022-08-26,3250.628,3236.223,3266.274,3232.277
2022-08-29,3203.102,3240.728,3240.728,3198.996
2022-08-30,3240.184,3227.22,3243.746,3212.635
2022-08-31,3216.526,3202.138,3232.016,3184.394
2022-09-01,3196.537,3184.98,3214.558,3181.626
2022-09-02,3189.644,3186.478,3198.281,3173.793
2022-09-05,3183.946,3199.912,3199.912,3172.039
2022-09-06,3207.933,3243.447,3244.635,3203.816
2022-09-07,3232.137,3246.294,3253.767,3227.823
2022-09-08,3245.557,3235.586,3253.701,3233.801
2022-09-09,3241.181,3262.054,3266.197,3236.508
2022-09-13,3272.049,3263.797,3278.166,3259.664
2022-09-14,3224.678,3237.542,3250.802,3221.961
2022-09-15,3248.972,3199.919,3254.179,3174.39
2022-09-16,3189.827,3126.398,3191.827,3126.397
2022-09-19,3122.755,3115.602,3135.557,3101.221
2022-09-20,3127.836,3122.406,3140.025,3114.037
2022-09-21,3116.007,3117.177,3129.825,3091.297
2022-09-22,3098.768,3108.91,3125.68,3092.819
2022-09-23,3106.806,3088.37,3124.658,3072.241
2022-09-26,3067.569,3051.226,3102.654,3048.514
2022-09-27,3056.392,3093.862,3094.039,3048.365
2022-09-28,3089.098,3045.067,3089.098,3044.864
2022-09-29,3067.473,3041.205,3076.762,3026.079
2022-09-30,3042.166,3024.391,3054.613,3021.931
2022-10-10,3026.935,2974.145,3029.448,2968.281
2022-10-11,2978.062,2979.793,2986.912,2953.495
2022-10-12,2976.717,3025.506,3025.506,2934.092
2022-10-13,3008.302,3016.356,3036.249,3004.496
2022-10-14,3035.034,3071.987,3084.272,3035.034
2022-10-17,3060.518,3084.942,3087.194,3052.715
2022-10-18,3094.927,3080.957,3099.918,3074.216
2022-10-19,3073.262,3044.378,3081.39,3044.378
2022-10-20,3029.303,3035.05,3070.265,3013.693
2022-10-21,3038.036,3038.929,3055.416,3026.96
2022-10-24,3034.746,2977.555,3064.421,2965.168
2022-10-25,2969.156,2976.283,3001.715,2944.261
2022-10-26,2977.564,2999.504,3028.348,2977.564
2022-10-27,3005.037,2982.903,3017.263,2981.689
2022-10-28,2967.022,2915.926,2974.236,2908.983
2022-10-31,2893.196,2893.483,2926.015,2885.089
2022-11-01,2899.499,2969.2,2969.2,2896.757
2022-11-02,2960.647,3003.37,3019.049,2954.948
2022-11-03,2981.204,2997.806,3003.721,2977.716
2022-11-04,2996.997,3070.796,3081.59,2996.997
2022-11-07,3062.859,3077.817,3088.193,3054.457
2022-11-08,3077.306,3064.493,3078.276,3047.462
2022-11-09,3064.463,3048.168,3073.918,3046.188
2022-11-10,3031.692,3036.132,3047.98,3022.851
2022-11-11,3099.65,3087.293,3117.742,3070.301
2022-11-14,3100.867,3083.401,3121.406,3075.215
2022-11-15,3081.135,3134.078,3135.59,3074.498
2022-11-16,3133.65,3119.98,3145.753,3115.345
2022-11-17,3110.965,3115.435,3115.435,3087.174
2022-11-18,3116.729,3097.243,3126.711,3096.886
2022-11-21,3078.057,3085.044,3085.243,3056.17
2022-11-22,3084.233,3088.943,3118.12,3076.321
2022-11-23,3084.74,3096.907,3108.244,3075.324
2022-11-24,3104.096,3089.31,3113.239,3084.855
2022-11-25,3085.461,3101.693,3111.421,3077.967
2022-11-28,3055.29,3078.549,3080.184,3034.705
2022-11-29,3096.113,3149.748,3152.003,3096.113
2022-11-30,3141.399,3151.335,3158.573,3137.369
2022-12-01,3187.99,3165.471,3198.409,3164.535
2022-12-02,3160.579,3156.144,3170.898,3149.841
2022-12-05,3181.916,3211.814,3213.44,3177.064
2022-12-06,3200.275,3212.533,3224.822,3195.079
2022-12-07,3204.935,3199.619,3226.082,3188.671
2022-12-08,3196.016,3197.35,3206.715,3187.257
2022-12-09,3197.118,3206.95,3212.106,3182.907
2022-12-12,3195.868,3179.042,3196.725,3176.575
2022-12-13,3179.435,3176.326,3187.204,3171.483
2022-12-14,3178.554,3176.525,3189.835,3168.593
2022-12-15,3177.2,3168.648,3179.1,3158.452
2022-12-16,3156.135,3167.858,3175.353,3151.609
2022-12-19,3165.309,3107.115,3170.255,3096.098
2022-12-20,3098.953,3073.766,3100.748,3061.51
2022-12-21,3078.331,3068.411,3085.795,3060.554
2022-12-22,3085.8,3054.431,3096.245,3044.599
2022-12-23,3038.842,3045.866,3061.867,3031.536
2022-12-26,3048.196,3065.563,3071.836,3047.349
2022-12-27,3077.747,3095.568,3098.078,3074.313
2022-12-28,3088.617,3087.4,3098.65,3079.434
2022-12-29,3076.726,3073.702,3086.005,3064.459
2022-12-30,3084.523,3089.258,3096.314,3082.196
2023-01-03,3087.513,3116.512,3119.856,3073.054
2023-01-04,3117.571,3123.516,3129.094,3109.451
2023-01-05,3132.761,3155.216,3159.427,3130.23
2023-01-06,3155.075,3157.637,3170.742,3151.841
2023-01-09,3169.374,3176.085,3183.583,3165.428
2023-01-10,3178.022,3169.507,3178.157,3165.145
2023-01-11,3172.376,3161.838,3184.757,3160.89
2023-01-12,3167.273,3163.451,3171.591,3153.404
2023-01-13,3170.355,3195.306,3195.307,3167.51
2023-01-16,3198.519,3227.592,3251.374,3197.319
2023-01-17,3229.435,3224.245,3231.265,3211.757
2023-01-18,3227.595,3224.406,3234.817,3220.37
2023-01-19,3221.518,3240.279,3240.279,3210.383
2023-01-20,3247.203,3264.814,3267.058,3247.203
2023-01-30,3308.869,3269.318,3310.49,3266.758
2023-01-31,3266.144,3255.669,3277.252,3252.015
2023-02-01,3262.196,3284.921,3284.922,3245.411
2023-02-02,3291.783,3285.671,3295.764,3272.414
2023-02-03,3275.658,3263.406,3275.658,3235.353
2023-02-06,3244.701,3238.698,3250.351,3226.211
2023-02-07,3245.23,3248.094,3250.033,3233.833
2023-02-08,3251.501,3232.106,3257.114,3230.439
2023-02-09,3227.728,3270.383,3270.383,3225.772
2023-02-10,3266.437,3260.673,3269.994,3247.23
2023-02-13,3256.988,3284.16,3285.091,3252.633
2023-02-14,3288.974,3293.283,3293.734,3279.189
2023-02-15,3294.015,3280.492,3296.2,3274.551
2023-02-16,3281.735,3249.03,3308.828,3231.342
2023-02-17,3244.733,3224.024,3262.473,3223.258
2023-02-20,3230.473,3290.338,3291.039,3225.843
2023-02-21,3291.631,3306.524,3308.791,3282.436
2023-02-22,3292.049,3291.148,3307.034,3286.721
2023-02-23,3293.522,3287.477,3307.439,3275.362
2023-02-24,3287.255,3267.16,3288.392,3253.975
2023-02-27,3257.0,3258.034,3276.579,3251.721
2023-02-28,3265.742,3279.605,3280.415,3246.145
2023-03-01,3279.136,3312.348,3315.16,3272.035
2023-03-02,3308.011,3310.654,3320.744,3306.455
2023-03-03,3314.773,3328.393,3330.605,3302.623
2023-03-06,3332.024,3322.026,3333.062,3308.726
2023-03-07,3320.211,3285.099,3342.859,3284.41
2023-03-08,3271.88,3283.248,3283.248,3263.693
2023-03-09,3285.943,3276.094,3289.06,3260.0
2023-03-10,3255.512,3230.077,3262.147,3229.496
2023-03-13,3228.124,3268.696,3268.696,3228.124
2023-03-14,3261.922,3245.312,3262.003,3216.993
2023-03-15,3261.028,3263.315,3273.123,3256.857
2023-03-16,3244.47,3226.891,3257.433,3224.722
2023-03-17,3245.26,3250.546,3279.923,3240.157
2023-03-20,3253.93,3234.91,3267.993,3231.646
2023-03-21,3240.839,3255.651,3256.0,3237.893
2023-03-22,3263.413,3265.748,3279.394,3255.739
2023-03-23,3258.779,3286.649,3286.649,3252.992
2023-03-24,3282.739,3265.654,3282.739,3260.844
2023-03-27,3261.824,3251.397,3261.824,3229.704
2023-03-28,3256.602,3245.376,3264.098,3241.737
2023-03-29,3253.621,3240.057,3254.556,3229.585
2023-03-30,3243.068,3261.249,3263.738,3220.985
2023-03-31,3263.406,3272.86,3278.423,3260.04
2023-04-03,3277.34,3296.396,3299.732,3276.416
2023-04-04,3297.183,3312.558,3312.562,3290.993
2023-04-06,3302.751,3312.628,3314.526,3296.055
2023-04-07,3312.481,3327.646,3328.846,3308.061
2023-04-10,3331.505,3315.358,3332.715,3309.917
2023-04-11,3317.077,3313.571,3317.448,3298.25
2023-04-12,3316.862,3327.182,3330.708,3315.399
2023-04-13,3321.273,3318.364,3334.47,3309.252
2023-04-14,3326.37,3338.153,3340.076,3316.81
2023-04-17,3337.061,3385.61,3385.61,3336.388
2023-04-18,3379.227,3393.331,3396.175,3375.78
2023-04-19,3391.355,3370.128,3394.959,3364.642
2023-04-20,3367.053,3367.031,3371.368,3344.016
2023-04-21,3363.999,3301.258,3367.609,3301.258
2023-04-24,3300.813,3275.413,3303.091,3264.935
2023-04-25,3276.403,3264.872,3288.569,3229.446
2023-04-26,3255.217,3264.101,3277.98,3239.989
2023-04-27,3256.228,3285.884,3299.301,3253.112
2023-04-28,3283.122,3323.275,3324.881,3283.122
2023-05-04,3306.483,3350.459,3352.746,3302.028
2023-05-05,3350.654,3334.503,3364.142,3321.187
2023-05-08,3340.99,3395.004,3400.177,3340.99
2023-05-09,3402.394,3357.671,3418.953,3356.118
2023-05-10,3347.702,3319.151,3349.721,3305.251
2023-05-11,3323.658,3309.551,3333.25,3307.289
2023-05-12,3304.458,3272.362,3319.131,3271.431
2023-05-15,3269.878,3310.737,3310.737,3235.868
2023-05-16,3310.161,3290.987,3317.901,3282.492
2023-05-17,3281.966,3284.232,3298.519,3269.894
2023-05-18,3288.411,3297.32,3313.862,3284.168
2023-05-19,3288.891,3283.542,3302.342,3268.224
2023-05-22,3278.596,3296.47,3308.533,3276.54
2023-05-23,3294.788,3246.238,3298.226,3246.238
2023-05-24,3237.705,3204.749,3237.705,3204.381
2023-05-25,3197.364,3201.261,3207.021,3168.572
2023-05-26,3198.883,3212.504,3220.774,3179.822
2023-05-29,3219.755,3221.448,3230.971,3208.955
2023-05-30,3214.673,3224.213,3230.632,3186.626
2023-05-31,3214.655,3204.564,3216.36,3190.274
2023-06-01,3196.155,3204.635,3225.093,3189.517
2023-06-02,3212.449,3230.069,3233.992,3211.737
2023-06-05,3231.811,3232.441,3244.18,3221.625
2023-06-06,3228.407,3195.34,3247.349,3189.269
2023-06-07,3197.468,3197.759,3210.33,3188.005
2023-06-08,3194.835,3213.586,3225.526,3180.535
2023-06-09,3213.033,3231.406,3231.406,3206.103
2023-06-12,3225.305,3228.834,3239.437,3210.714
2023-06-13,3223.896,3233.673,3235.085,3215.499
2023-06-14,3238.119,3228.989,3248.461,3226.774
2023-06-15,3230.451,3252.975,3252.975,3229.145
2023-06-16,3256.299,3273.334,3276.552,3255.499
2023-06-19,3271.164,3255.806,3271.164,3251.779
2023-06-20,3252.544,3240.365,3252.844,3237.786
2023-06-21,3230.114,3197.901,3236.363,3197.901
2023-06-26,3177.229,3150.619,3181.076,3144.248
2023-06-27,3153.313,3189.443,3194.409,3148.266
2023-06-28,3183.487,3189.376,3192.659,3157.123
2023-06-29,3185.424,3182.381,3196.503,3179.525
2023-06-30,3178.924,3202.062,3212.993,3177.991
2023-07-03,3209.162,3243.975,3246.861,3209.162
2023-07-04,3241.231,3245.349,3246.958,3233.99
2023-07-05,3240.049,3222.947,3241.835,3218.602
2023-07-06,3215.863,3205.575,3229.48,3199.716
2023-07-07,3197.472,3196.609,3212.047,3189.211
2023-07-10,3208.735,3203.696,3216.535,3192.658
2023-07-11,3211.122,3221.367,3221.68,3200.385
2023-07-12,3220.376,3196.134,3224.331,3193.437
2023-07-13,3202.699,3236.48,3238.468,3202.699
2023-07-14,3240.97,3237.701,3248.385,3233.999
2023-07-17,3219.016,3209.63,3219.016,3195.886
2023-07-18,3206.786,3197.82,3210.248,3190.005
2023-07-19,3195.009,3198.836,3204.361,3181.561
2023-07-20,3201.911,3169.522,3209.055,3165.674
2023-07-21,3163.421,3167.745,3185.636,3157.334
2023-07-24,3157.469,3164.161,3178.734,3151.125
2023-07-25,3201.458,3231.521,3231.749,3201.458
2023-07-26,3228.087,3223.028,3229.892,3212.88
2023-07-27,3225.476,3216.671,3245.603,3210.47
2023-07-28,3206.741,3275.926,3280.278,3200.994
2023-07-31,3287.209,3291.04,3322.129,3281.013
2023-08-01,3288.76,3290.949,3305.34,3279.566
2023-08-02,3281.858,3261.69,3290.82,3252.304
2023-08-03,3254.565,3280.463,3280.864,3247.272
2023-08-04,3296.094,3288.084,3315.049,3281.734
2023-08-07,3276.776,3268.831,3276.776,3258.537
2023-08-08,3260.722,3260.62,3274.519,3246.675
2023-08-09,3251.152,3244.487,3257.082,3240.289
2023-08-10,3242.206,3254.56,3257.03,3234.116
2023-08-11,3254.475,3189.248,3254.475,3189.248
2023-08-14,3159.714,3178.427,3180.507,3141.655
2023-08-15,3180.558,3176.176,3186.234,3147.346
2023-08-16,3164.702,3150.128,3176.626,3149.723
2023-08-17,3137.351,3163.739,3167.446,3123.25
2023-08-18,3165.1,3131.953,3179.116,3131.953
2023-08-21,3125.99,3092.978,3134.957,3092.978
2023-08-22,3103.781,3120.334,3126.784,3074.531
2023-08-23,3116.266,3078.402,3116.377,3077.606
2023-08-24,3085.911,3082.244,3106.182,3072.951
2023-08-25,3068.615,3064.075,3085.047,3053.037
2023-08-28,3219.043,3098.636,3219.043,3089.119
2023-08-29,3091.938,3135.887,3145.761,3090.438
2023-08-30,3144.407,3137.138,3153.689,3126.902
2023-08-31,3134.553,3119.876,3139.98,3113.946
2023-09-01,3126.023,3133.247,3143.846,3123.19
2023-09-04,3145.944,3177.06,3177.06,3143.379
2023-09-05,3169.738,3154.369,3169.738,3150.075
2023-09-06,3147.136,3158.077,3162.155,3136.9
2023-09-07,3152.203,3122.352,3152.266,3120.823
2023-09-08,3114.23,3116.719,3126.041,3104.674
2023-09-11,3119.61,3142.779,3155.103,3113.816
2023-09-12,3140.341,3137.059,3147.514,3134.318
2023-09-13,3137.772,3123.067,3143.758,3106.969
2023-09-14,3124.848,3126.551,3135.025,3111.859
2023-09-15,3133.588,3117.743,3141.964,3107.448
2023-09-18,3110.44,3125.932,3128.701,3098.496
2023-09-19,3123.986,3124.957,3131.13,3113.525
2023-09-20,3118.667,3108.568,3122.128,3108.158
2023-09-21,3103.175,3084.701,3113.494,3084.701
2023-09-22,3084.757,3132.432,3132.558,3078.801
2023-09-25,3131.208,3115.607,3131.208,3112.151
2023-09-26,3114.021,3102.273,3120.289,3102.273
2023-09-27,3104.04,3107.316,3125.447,3103.844
2023-09-28,3117.755,3110.475,3121.835,3105.94
2023-10-09,3100.0,3096.922,3103.36,3072.642
2023-10-10,3104.365,3075.236,3109.982,3073.186
2023-10-11,3085.699,3078.956,3095.659,3071.936
2023-10-12,3101.705,3107.901,3109.99,3092.177
2023-10-13,3091.997,3088.099,3094.915,3080.548
2023-10-16,3091.065,3073.813,3091.126,3063.686
2023-10-17,3076.428,3083.496,3084.073,3064.89
2023-10-18,3076.58,3058.71,3076.58,3057.059
2023-10-19,3043.196,3005.393,3043.196,3004.775
2023-10-20,2995.358,2983.059,3006.275,2977.173
2023-10-23,2969.786,2939.291,2973.661,2923.511
2023-10-24,2944.311,2962.244,2964.761,2929.088
2023-10-25,2986.407,2974.114,2993.295,2972.418
2023-10-26,2960.104,2988.299,2990.328,2956.006
2023-10-27,2978.403,3017.784,3029.21,2974.88
2023-10-30,3009.61,3021.553,3028.264,3002.348
2023-10-31,3019.646,3018.771,3023.001,3006.609
2023-11-01,3038.182,3023.077,3038.33,3013.933
2023-11-02,3028.665,3009.406,3038.642,3009.121
2023-11-03,3012.465,3030.798,3040.981,3012.465
2023-11-06,3047.13,3058.411,3058.989,3037.694
2023-11-07,3052.92,3057.27,3064.577,3042.469
2023-11-08,3051.153,3052.373,3062.991,3037.289
2023-11-09,3047.653,3053.279,3063.467,3045.834
2023-11-10,3043.559,3038.97,3044.001,3027.088
2023-11-13,3044.032,3046.533,3048.621,3028.168
2023-11-14,3046.817,3056.07,3059.529,3044.426
2023-11-15,3077.029,3072.835,3080.128,3064.346
2023-11-16,3066.855,3050.926,3071.452,3050.926
2023-11-17,3043.617,3054.366,3055.856,3033.747
2023-11-20,3056.927,3068.319,3072.513,3043.515
2023-11-21,3074.828,3067.933,3089.774,3063.345
2023-11-22,3060.498,3043.611,3067.963,3043.611
2023-11-23,3041.678,3061.856,3062.867,3034.297
2023-11-24,3060.331,3040.972,3060.331,3037.201
2023-11-27,3038.186,3031.7,3038.358,3015.008
2023-11-28,3028.598,3038.555,3039.695,3020.231
2023-11-29,3038.464,3021.687,3038.977,3017.661
2023-11-30,3021.103,3029.673,3030.909,3013.768
2023-12-01,3027.353,3031.636,3035.76,3010.233
2023-12-04,3033.298,3022.914,3038.979,3022.348
2023-12-05,3017.01,2972.296,3017.01,2972.296
2023-12-06,2966.948,2968.933,2985.314,2959.603
2023-12-07,2965.652,2966.206,2976.015,2949.144
2023-12-08,2965.39,2969.559,2980.834,2962.327
2023-12-11,2956.291,2991.439,2995.67,2930.422
2023-12-12,2986.328,3003.438,3003.746,2980.446
2023-12-13,2997.336,2968.761,2997.336,2968.761
2023-12-14,2979.699,2958.986,2986.177,2958.066
2023-12-15,2966.302,2942.557,2976.309,2940.027
2023-12-18,2936.575,2930.804,2951.148,2924.325
2023-12-19,2928.763,2932.391,2940.501,2914.125
2023-12-20,2932.119,2902.11,2937.101,2902.04
2023-12-21,2892.02,2918.715,2924.256,2882.02
2023-12-22,2919.288,2914.775,2935.7,2906.509
2023-12-25,2909.875,2918.813,2920.632,2903.987
2023-12-26,2917.971,2898.879,2917.971,2892.837
2023-12-27,2900.149,2914.614,2917.956,2890.165
2023-12-28,2913.11,2954.704,2961.648,2909.389
2023-12-29,2950.837,2974.935,2975.032,2950.017
2024-01-02,2972.775,2962.276,2976.268,2962.276
2024-01-03,2957.112,2967.247,2971.283,2953.29
2024-01-04,2965.509,2954.349,2966.683,2936.635
2024-01-05,2949.822,2929.183,2967.968,2916.721
2024-01-08,2923.457,2887.538,2924.456,2887.538
2024-01-09,2887.11,2893.251,2900.727,2878.412
2024-01-10,2886.981,2877.702,2903.162,2870.416
2024-01-11,2873.798,2886.65,2896.179,2867.722
2024-01-12,2880.04,2881.977,2904.174,2878.875
2024-01-15,2872.556,2886.291,2904.464,2869.224
2024-01-16,2881.56,2893.989,2896.683,2861.13
2024-01-17,2887.292,2833.615,2887.489,2833.615
2024-01-18,2822.667,2845.784,2849.256,2760.978
2024-01-19,2836.975,2832.279,2849.876,2822.843
2024-01-22,2826.503,2756.34,2828.32,2735.372
2024-01-23,2746.892,2770.976,2784.841,2724.157
2024-01-24,2782.142,2820.772,2823.695,2743.397
2024-01-25,2823.826,2906.109,2906.794,2821.709
2024-01-26,2897.915,2910.223,2924.307,2890.482
2024-01-29,2910.607,2883.356,2923.899,2883.333
2024-01-30,2866.28,2830.527,2881.347,2829.25
2024-01-31,2815.504,2788.548,2834.011,2782.587
2024-02-01,2773.424,2770.74,2805.015,2752.782
2024-02-02,2773.295,2730.152,2791.676,2666.334
2024-02-05,2716.081,2702.185,2739.738,2635.09
2024-02-06,2680.485,2789.486,2802.931,2669.673
2024-02-07,2791.515,2829.696,2829.696,2770.529
2024-02-08,2832.486,2865.903,2867.474,2827.902
2024-02-19,2886.587,2910.544,2910.544,2867.71
2024-02-20,2902.877,2922.73,2927.308,2887.474
2024-02-21,2906.024,2950.956,2994.615,2898.05
2024-02-22,2945.447,2988.358,2988.358,2944.499
2024-02-23,2992.912,3004.881,3009.136,2979.973
2024-02-26,3002.118,2977.022,3009.479,2967.057
2024-02-27,2966.417,3015.481,3015.481,2961.148
2024-02-28,3016.256,2957.852,3031.488,2957.852
2024-02-29,2943.624,3015.171,3015.171,2943.624
2024-03-01,3013.823,3027.02,3032.232,3003.763
2024-03-04,3026.607,3039.306,3040.345,3007.683
2024-03-05,3027.103,3047.793,3052.541,3022.178
2024-03-06,3041.752,3039.931,3060.563,3034.354
2024-03-07,3040.211,3027.401,3063.692,3023.118
2024-03-08,3026.165,3046.019,3049.194,3016.903
2024-03-11,3042.619,3068.455,3068.455,3035.445
2024-03-12,3068.182,3055.935,3075.131,3044.857
2024-03-13,3053.341,3043.835,3061.951,3031.899
2024-03-14,3042.413,3038.234,3059.998,3020.637
2024-03-15,3031.523,3054.636,3056.447,3023.215
2024-03-18,3057.209,3084.926,3085.312,3055.922
2024-03-19,3077.981,3062.756,3090.046,3062.628
2024-03-20,3058.648,3079.686,3081.755,3056.645
2024-03-21,3084.412,3077.113,3090.051,3069.272
2024-03-22,3070.548,3048.034,3073.206,3027.762
2024-03-25,3040.501,3026.306,3065.261,3026.306
2024-03-26,3026.922,3031.481,3036.494,3006.26
2024-03-27,3026.814,2993.139,3030.45,2993.139
2024-03-28,2988.59,3010.664,3033.367,2984.12
2024-03-29,3008.376,3041.167,3041.298,3008.167
2024-04-01,3049.021,3077.379,3078.488,3049.021
2024-04-02,3076.875,3074.959,3085.537,3063.981
2024-04-03,3074.893,3069.296,3079.02,3057.397
2024-04-08,3057.326,3047.053,3077.351,3045.469
2024-04-09,3044.614,3048.537,3051.585,3033.209
2024-04-10,3045.961,3027.335,3049.607,3013.59
2024-04-11,3013.573,3034.246,3050.337,3009.897
2024-04-12,3035.577,3019.474,3043.56,3014.83
2024-04-15,3013.672,3057.378,3066.941,2995.542
2024-04-16,3043.551,3007.068,3052.435,3005.34
2024-04-17,3008.061,3071.381,3071.381,3002.056
2024-04-18,3060.031,3074.225,3102.553,3057.761
2024-04-19,3060.299,3065.261,3080.323,3055.058
2024-04-22,3059.065,3044.595,3078.423,3042.542
2024-04-23,3038.612,3021.978,3044.944,3016.517
2024-04-24,3029.403,3044.822,3045.64,3019.124
2024-04-25,3037.927,3052.9,3060.264,3034.65
2024-04-26,3054.979,3088.636,3092.43,3054.979
2024-04-29,3086.682,3113.043,3119.686,3080.586
2024-04-30,3110.159,3104.825,3123.288,3104.294
2024-05-06,3132.512,3140.72,3142.382,3126.769
2024-05-07,3139.664,3147.738,3151.219,3133.69
2024-05-08,3141.487,3128.48,3144.986,3126.173
2024-05-09,3128.164,3154.32,3158.465,3128.164
2024-05-10,3158.589,3154.547,3163.144,3137.152
2024-05-13,3139.475,3148.021,3157.366,3126.17
2024-05-14,3148.849,3145.774,3155.807,3137.609
2024-05-15,3141.252,3119.902,3142.973,3117.929
2024-05-16,3127.184,3122.401,3137.878,3116.163
2024-05-17,3121.713,3154.026,3154.026,3116.784
2024-05-20,3156.148,3171.145,3174.266,3155.99
2024-05-21,3164.683,3157.966,3165.224,3148.342
2024-05-22,3157.189,3158.54,3166.919,3152.457
2024-05-23,3149.875,3116.387,3150.628,3110.277
2024-05-24,3110.753,3088.871,3130.425,3087.794
2024-05-27,3094.14,3124.043,3125.506,3091.989
2024-05-28,3122.388,3109.572,3130.31,3106.365
2024-05-29,3108.027,3111.018,3128.137,3100.98
2024-05-30,3103.708,3091.678,3121.218,3085.384
2024-05-31,3094.759,3086.813,3107.604,3086.813
2024-06-03,3085.981,3078.489,3097.204,3061.277
2024-06-04,3071.32,3091.199,3095.322,3063.588
2024-06-05,3086.051,3065.403,3092.346,3064.736
2024-06-06,3069.439,3048.794,3077.673,3040.83
2024-06-07,3053.915,3051.279,3065.025,3031.044
2024-06-11,3042.134,3028.045,3043.2,3013.861
2024-06-12,3025.296,3037.468,3042.042,3021.309
2024-06-13,3038.086,3028.919,3040.402,3022.822
2024-06-14,3020.959,3032.633,3037.905,3011.577
2024-06-17,3017.717,3015.891,3026.624,3012.045
2024-06-18,3015.071,3030.246,3031.976,3012.523
2024-06-19,3029.099,3018.049,3030.226,3015.326
2024-06-20,3015.722,3005.437,3028.514,3001.768
2024-06-21,2998.241,2998.138,3011.914,2985.929
2024-06-24,2982.826,2963.099,2990.643,2960.127
2024-06-25,2962.765,2949.996,2971.653,2935.538
2024-06-26,2943.447,2972.525,2976.669,2933.33
2024-06-27,2962.696,2945.852,2963.064,2944.898
2024-06-28,2940.303,2967.403,2985.468,2939.984
2024-07-01,2965.245,2994.73,2996.409,2961.856
2024-07-02,2992.856,2997.011,3004.987,2989.47
2024-07-03,2995.664,2982.376,2998.537,2978.069
2024-07-04,2984.83,2957.567,2995.57,2955.29
2024-07-05,2954.372,2949.933,2957.107,2920.205
2024-07-08,2939.837,2922.45,2947.61,2917.232
2024-07-09,2919.573,2959.372,2963.782,2904.039
2024-07-10,2949.026,2939.364,2958.859,2935.33
2024-07-11,2957.25,2970.387,2971.361,2947.403
2024-07-12,2965.612,2971.295,2977.142,2963.303
2024-07-15,2963.847,2974.011,2977.313,2959.129
2024-07-16,2963.9,2976.304,2977.361,2959.666
2024-07-17,2970.808,2962.855,2972.795,2957.948
2024-07-18,2951.143,2977.133,2978.092,2937.905
2024-07-19,2963.514,2982.309,2986.243,2955.12
2024-07-22,2978.193,2964.216,2978.601,2946.561
2024-07-23,2960.5,2915.369,2960.5,2915.368
2024-07-24,2909.152,2901.952,2922.03,2894.289
2024-07-25,2891.892,2886.742,2897.767,2872.85
2024-07-26,2885.995,2890.897,2899.116,2875.396
2024-07-29,2889.473,2891.845,2898.951,2878.583
2024-07-30,2885.215,2879.3,2885.215,2865.149
2024-07-31,2877.541,2938.749,2940.593,2876.301
2024-08-01,2940.12,2932.387,2947.877,2928.826
2024-08-02,2913.02,2905.338,2931.259,2902.72
2024-08-05,2889.363,2860.698,2919.025,2860.698
2024-08-06,2878.651,2867.284,2888.201,2845.335
2024-08-07,2864.01,2869.834,2886.942,2857.725
2024-08-08,2864.758,2869.901,2886.399,2850.875
2024-08-09,2879.873,2862.194,2887.849,2862.194
2024-08-12,2858.895,2858.205,2869.269,2851.295
2024-08-13,2860.41,2867.946,2867.946,2845.31
2024-08-14,2866.243,2850.654,2866.243,2850.401
2024-08-15,2844.201,2877.358,2889.087,2839.388
2024-08-16,2877.94,2879.43,2888.675,2873.06
2024-08-19,2877.954,2893.674,2905.155,2877.771
2024-08-20,2895.551,2866.661,2896.519,2855.329
2024-08-21,2858.939,2856.584,2863.891,2848.151
2024-08-22,2856.2,2848.772,2861.607,2845.502
2024-08-23,2844.77,2854.368,2860.733,2839.337
2024-08-26,2855.474,2855.52,2860.655,2844.383
2024-08-27,2850.877,2848.731,2853.78,2843.158
2024-08-28,2844.327,2837.429,2852.562,2830.962
2024-08-29,2829.451,2823.106,2831.431,2815.383
2024-08-30,2819.65,2842.214,2867.965,2817.014
2024-09-02,2832.35,2811.035,2839.278,2810.374
2024-09-03,2809.173,2802.979,2814.903,2794.911
2024-09-04,2786.505,2784.278,2800.607,2781.935
2024-09-05,2785.264,2788.314,2796.019,2777.471
2024-09-06,2791.765,2765.807,2804.093,2765.639
2024-09-09,2754.724,2736.488,2756.556,2726.967
2024-09-10,2737.881,2744.192,2750.118,2718.627
2024-09-11,2732.731,2721.795,2732.731,2710.621
2024-09-12,2722.138,2717.123,2734.683,2716.555
2024-09-13,2718.986,2704.09,2728.78,2703.369
2024-09-18,2705.345,2717.281,2724.114,2689.695
2024-09-19,2723.205,2736.022,2747.74,2697.776
2024-09-20,2734.228,2736.814,2741.155,2717.945
2024-09-23,2735.39,2748.918,2760.48,2731.357
2024-09-24,2770.754,2863.126,2863.152,2761.372
2024-09-25,2901.419,2896.306,2952.451,2889.048
2024-09-26,2893.745,3000.953,3000.953,2889.014
2024-09-27,3049.103,3087.529,3087.529,3017.445
2024-09-30,3194.722,3336.497,3358.588,3153.697
2024-10-08,3674.405,3489.775,3674.405,3372.187
2024-10-09,3427.22,3258.858,3437.157,3249.159
2024-10-10,3277.692,3301.926,3379.805,3228.125
2024-10-11,3287.873,3217.738,3297.752,3187.988
2024-10-14,3241.428,3284.323,3294.62,3203.901
2024-10-15,3265.746,3201.292,3285.215,3201.292
2024-10-16,3169.169,3202.948,3236.848,3167.736
2024-10-17,3220.733,3169.384,3241.568,3169.384
2024-10-18,3165.975,3261.563,3313.978,3152.821
2024-10-21,3276.06,3268.11,3300.664,3239.097
2024-10-22,3263.822,3285.867,3294.961,3255.138
2024-10-23,3285.247,3302.803,3331.082,3277.066
2024-10-24,3287.824,3280.263,3292.945,3266.882
2024-10-25,3280.762,3299.7,3319.357,3276.13
2024-10-28,3300.463,3322.198,3322.198,3279.715
2024-10-29,3328.089,3286.407,3340.458,3284.211
2024-10-30,3273.642,3266.238,3291.68,3244.806
2024-10-31,3267.975,3279.824,3295.742,3252.39
2024-11-01,3275.577,3272.014,3305.318,3258.735
2024-11-04,3275.679,3310.207,3310.207,3263.842
2024-11-05,3306.81,3386.987,3386.987,3302.047
2024-11-06,3395.222,3383.806,3420.999,3367.081
2024-11-07,3359.985,3470.661,3470.661,3356.258
2024-11-08,3502.133,3452.297,3509.818,3443.193
2024-11-11,3432.367,3470.066,3471.122,3416.727
2024-11-12,3469.891,3421.97,3489.424,3402.042
2024-11-13,3406.916,3439.278,3442.298,3404.525
2024-11-14,3429.505,3379.839,3441.775,3376.153
2024-11-15,3369.809,3330.726,3391.32,3330.726
2024-11-18,3344.69,3323.849,3386.903,3309.008
2024-11-19,3324.883,3346.01,3346.758,3284.133
2024-11-20,3337.678,3367.989,3375.248,3333.002
2024-11-21,3362.944,3370.404,3378.518,3348.855
2024-11-22,3368.043,3267.192,3372.003,3267.192
2024-11-25,3274.884,3263.76,3285.456,3232.918
2024-11-26,3256.858,3259.757,3285.328,3252.866
2024-11-27,3250.591,3309.779,3309.881,3227.355
2024-11-28,3308.28,3295.698,3319.256,3290.364
2024-11-29,3295.21,3326.456,3357.501,3293.69
2024-12-02,3328.482,3363.982,3369.303,3323.009
2024-12-03,3366.285,3378.806,3386.618,3348.374
2024-12-04,3376.572,3364.65,3388.024,3352.943
2024-12-05,3353.057,3368.855,3377.055,3353.057
2024-12-06,3370.941,3404.076,3418.261,3364.206
2024-12-09,3402.629,3402.534,3426.645,3385.959
2024-12-10,3490.289,3422.661,3494.867,3417.765
2024-12-11,3416.087,3432.49,3437.81,3416.087
2024-12-12,3432.279,3461.5,3464.116,3425.976
2024-12-13,3442.926,3391.878,3442.926,3390.754
2024-12-16,3390.083,3386.331,3401.926,3376.536
2024-12-17,3381.814,3361.485,3396.207,3357.769
2024-12-18,3371.296,3382.208,3396.46,3371.296
2024-12-19,3355.904,3370.033,3377.532,3346.469
2024-12-20,3364.481,3368.069,3390.618,3362.819
2024-12-23,3367.904,3351.257,3384.992,3348.277
2024-12-24,3353.535,3393.528,3394.904,3352.947
2024-12-25,3395.107,3393.35,3406.213,3374.011
2024-12-26,3389.338,3398.077,3401.095,3380.255
2024-12-27,3397.294,3400.142,3418.952,3388.322
2024-12-30,3395.396,3407.326,3412.841,3394.965
2024-12-31,3406.965,3351.763,3413.455,3351.763
2025-01-02,3347.939,3262.561,3351.722,3242.087
2025-01-03,3267.077,3211.43,3273.566,3205.776
2025-01-06,3209.783,3206.923,3219.488,3185.463
2025-01-07,3203.307,3229.644,3230.853,3190.461
2025-01-08,3218.858,3230.168,3246.291,3175.725
2025-01-09,3220.721,3211.393,3228.973,3205.91
2025-01-10,3211.707,3168.524,3220.107,3168.524
2025-01-13,3148.826,3160.755,3172.7,3140.978
2025-01-14,3165.161,3240.94,3245.22,3159.432
2025-01-15,3234.715,3227.117,3245.904,3222.236
2025-01-16,3239.026,3236.032,3265.282,3217.097
2025-01-17,3226.762,3241.821,3256.507,3219.773
2025-01-20,3256.149,3244.378,3268.263,3238.121
2025-01-21,3256.833,3242.623,3258.61,3229.069
2025-01-22,3235.493,3213.624,3235.501,3203.38
2025-01-23,3237.599,3230.164,3273.52,3229.572
2025-01-24,3222.877,3252.626,3260.011,3221.712
2025-01-27,3256.614,3250.601,3274.392,3250.601
2025-02-05,3270.16,3229.488,3271.022,3220.279
2025-02-06,3226.575,3270.659,3271.427,3225.846
2025-02-07,3269.227,3303.667,3324.428,3262.509
2025-02-10,3308.04,3322.17,3325.356,3299.243
2025-02-11,3323.669,3318.057,3324.173,3304.444
2025-02-12,3312.257,3346.385,3346.385,3310.39
2025-02-13,3343.235,3332.483,3359.181,3332.483
2025-02-14,3328.483,3346.724,3349.084,3322.529
2025-02-17,3355.417,3355.83,3357.121,3333.195
2025-02-18,3348.983,3324.491,3366.012,3314.301
2025-02-19,3320.78,3351.539,3352.087,3320.581
2025-02-20,3347.589,3350.783,3355.557,3338.034
2025-02-21,3356.695,3379.113,3381.058,3339.026
2025-02-24,3374.081,3373.028,3384.811,3355.869
2025-02-25,3345.653,3346.04,3369.558,3337.845
2025-02-26,3351.209,3380.214,3380.214,3351.209
2025-02-27,3378.449,3388.062,3388.781,3353.571
2025-02-28,3374.664,3320.897,3383.191,3318.716
2025-03-03,3328.396,3316.925,3349.017,3304.593
2025-03-04,3300.498,3324.21,3327.824,3297.53
2025-03-05,3324.696,3341.965,3342.714,3314.148
2025-03-06,3353.57,3381.098,3387.054,3348.684
2025-03-07,3373.181,3372.546,3390.944,3363.929
2025-03-10,3373.259,3366.163,3375.798,3347.186
2025-03-11,3335.439,3379.828,3379.829,3334.831
2025-03-12,3385.685,3371.924,3392.409,3370.22
2025-03-13,3371.095,3358.729,3377.118,3341.118
2025-03-14,3361.686,3419.562,3421.233,3360.606
2025-03-17,3430.809,3426.129,3436.352,3422.462
2025-03-18,3434.565,3429.759,3437.065,3423.301
2025-03-19,3424.173,3426.429,3439.046,3414.593
2025-03-20,3425.216,3408.948,3427.045,3404.662
2025-03-21,3401.759,3364.831,3414.709,3355.84
2025-03-24,3364.834,3370.028,3373.694,3340.238
2025-03-25,3370.001,3369.976,3379.988,3361.046
2025-03-26,3365.666,3368.697,3382.342,3365.666
2025-03-27,3362.712,3373.749,3394.035,3351.174
2025-03-28,3372.039,3351.307,3375.053,3346.081
2025-03-31,3343.344,3335.746,3361.742,3317.738
2025-04-01,3340.712,3348.435,3357.622,3338.779
2025-04-02,3344.171,3350.127,3361.134,3343.116
2025-04-03,3319.606,3342.008,3358.426,3319.606
2025-04-07,3193.102,3096.576,3217.782,3040.693
2025-04-08,3094.262,3145.549,3145.549,3085.123
2025-04-09,3110.01,3186.81,3186.81,3070.078
2025-04-10,3227.836,3223.638,3239.941,3201.571
2025-04-11,3219.505,3238.227,3249.854,3211.35
2025-04-14,3251.978,3262.808,3272.72,3244.733
2025-04-15,3260.685,3267.662,3268.985,3246.337
2025-04-16,3267.665,3276.004,3276.005,3233.791
2025-04-17,3261.718,3280.341,3285.915,3258.145
2025-04-18,3270.353,3276.73,3283.09,3262.392
2025-04-21,3273.138,3291.434,3298.64,3270.013
2025-04-22,3289.166,3299.757,3311.153,3288.332
2025-04-23,3308.151,3296.355,3312.192,3293.063
2025-04-24,3295.149,3297.288,3313.509,3286.236
2025-04-25,3300.392,3295.06,3305.262,3288.755
2025-04-28,3292.056,3288.415,3296.932,3279.877
2025-04-29,3281.445,3286.655,3294.982,3277.627
2025-04-30,3284.081,3279.031,3292.2,3277.55
2025-05-06,3295.25,3316.114,3316.448,3286.989
2025-05-07,3354.974,3342.665,3356.688,3324.809
2025-05-08,3331.205,3351.996,3359.731,3327.902
2025-05-09,3350.405,3341.999,3351.22,3335.127
2025-05-12,3352.97,3369.245,3372.472,3344.269
2025-05-13,3386.234,3374.871,3386.234,3370.252
2025-05-14,3374.235,3403.948,3417.314,3368.078
2025-05-15,3398.427,3380.821,3402.866,3378.021
2025-05-16,3374.706,3367.462,3380.29,3356.661
2025-05-19,3365.882,3367.583,3373.599,3356.648
2025-05-20,3371.689,3380.478,3387.804,3369.963
2025-05-21,3380.209,3387.574,3394.754,3380.209
2025-05-22,3381.865,3380.189,3390.593,3376.233
2025-05-23,3376.869,3348.372,3389.469,3348.372
2025-05-26,3346.561,3346.839,3362.307,3336.355
2025-05-27,3346.503,3340.687,3351.572,3332.49
2025-05-28,3341.852,3339.932,3348.234,3336.727
2025-05-29,3340.401,3363.446,3368.633,3337.415
2025-05-30,3358.809,3347.487,3361.275,3341.648
2025-06-03,3340.067,3361.976,3366.997,3340.067
2025-06-04,3363.391,3376.203,3379.64,3363.391
2025-06-05,3378.217,3384.099,3387.765,3371.146
2025-06-06,3384.295,3385.358,3391.451,3379.764
2025-06-09,3388.778,3399.772,3402.05,3383.074
2025-06-10,3402.013,3384.816,3406.452,3365.667
2025-06-11,3385.457,3402.316,3413.513,3385.457
2025-06-12,3397.972,3402.658,3408.205,3388.866
2025-06-13,3397.484,3376.996,3401.553,3370.592
2025-06-16,3369.366,3388.729,3389.756,3368.876
2025-06-17,3388.18,3387.405,3393.313,3376.42
2025-06-18,3386.136,3388.809,3391.709,3369.986
2025-06-19,3384.293,3362.108,3386.919,3353.936
2025-06-20,3358.913,3359.895,3370.798,3357.706
2025-06-23,3349.46,3381.582,3389.452,3347.651
2025-06-24,3380.08,3420.566,3423.784,3380.08
2025-06-25,3419.091,3455.974,3459.009,3417.411
2025-06-26,3451.719,3448.453,3462.752,3446.186
2025-06-27,3450.686,3424.227,3462.627,3421.04
2025-06-30,3423.474,3444.426,3447.46,3420.112
2025-07-01,3445.846,3457.747,3459.587,3441.038
2025-07-02,3458.171,3454.792,3461.328,3447.956
2025-07-03,3456.152,3461.151,3463.62,3446.974
2025-07-04,3459.592,3472.319,3497.225,3455.494
2025-07-07,3467.985,3473.127,3474.801,3462.792
2025-07-08,3474.632,3497.475,3499.886,3474.632
2025-07-09,3498.724,3493.05,3512.669,3491.201
2025-07-10,3491.497,3509.682,3526.59,3491.497
2025-07-11,3511.366,3510.177,3555.218,3506.799
2025-07-14,3513.252,3519.65,3532.118,3513.252
2025-07-15,3519.805,3504.999,3527.038,3483.38
2025-07-16,3502.899,3503.777,3511.806,3489.137
2025-07-17,3500.372,3516.826,3517.285,3499.186
2025-07-18,3519.475,3534.483,3536.014,3518.231
2025-07-21,3542.816,3559.791,3560.629,3542.568
2025-07-22,3561.632,3581.861,3584.719,3547.252
2025-07-23,3588.878,3582.298,3613.022,3577.594
2025-07-24,3578.912,3605.727,3608.728,3577.113
2025-07-25,3604.451,3593.655,3610.029,3586.22
2025-07-28,3594.231,3597.937,3606.274,3582.149
2025-07-29,3595.81,3609.711,3611.353,3585.944
2025-07-30,3608.354,3615.717,3636.166,3593.734
2025-07-31,3604.696,3573.208,3606.374,3562.607
2025-08-01,3568.261,3559.952,3581.746,3550.043
2025-08-04,3547.163,3583.309,3583.309,3547.163
2025-08-05,3588.808,3617.598,3617.598,3586.969
2025-08-06,3615.808,3633.995,3634.314,3613.989
2025-08-07,3637.781,3639.667,3645.117,3622.522
2025-08-08,3634.855,3635.128,3645.367,3625.451
2025-08-11,3637.053,3647.547,3656.852,3629.627
2025-08-12,3647.963,3665.918,3669.038,3647.963
2025-08-13,3668.658,3683.465,3688.628,3666.547
2025-08-14,3685.522,3666.443,3704.772,3662.57
2025-08-15,3659.815,3696.771,3702.255,3658.376
2025-08-18,3712.495,3728.027,3745.939,3702.38
2025-08-19,3728.485,3727.288,3746.669,3718.147
2025-08-20,3716.685,3766.21,3767.43,3704.991
2025-08-21,3770.676,3771.099,3787.981,3757.992
2025-08-22,3772.277,3825.759,3825.759,3772.277
2025-08-25,3848.163,3883.562,3883.562,3839.972
2025-08-26,3871.471,3868.382,3888.599,3859.758
2025-08-27,3869.612,3800.35,3887.198,3800.35
2025-08-28,3796.711,3843.597,3845.087,3761.422
2025-08-29,3842.823,3857.927,3867.606,3839.206
2025-09-01,3869.746,3875.53,3879.045,3853.658
2025-09-02,3877.086,3858.133,3885.315,3828.678
2025-09-03,3865.286,3813.557,3868.388,3794.884
2025-09-04,3807.757,3765.876,3808.396,3732.84
2025-09-05,3761.88,3812.514,3817.159,3745.309
2025-09-08,3811.669,3826.841,3833.143,3803.603
2025-09-09,3816.657,3807.292,3834.671,3791.724
2025-09-10,3806.584,3812.221,3826.996,3794.057
2025-09-11,3806.056,3875.309,3875.309,3796.435
2025-09-12,3875.507,3870.598,3892.738,3866.539
2025-09-15,3876.097,3860.504,3879.737,3855.973
2025-09-16,3865.98,3861.865,3876.69,3838.648
2025-09-17,3854.073,3876.341,3882.669,3848.946
2025-09-18,3876.059,3831.656,3899.959,3800.995
2025-09-19,3830.444,3820.089,3843.17,3811.903
2025-09-22,3822.01,3828.576,3831.74,3806.202
2025-09-23,3830.138,3821.833,3838.606,3774.528
2025-09-24,3804.483,3853.642,3854.923,3804.328
2025-09-25,3852.431,3853.302,3866.106,3840.459
2025-09-26,3839.855,3828.106,3856.606,3828.106
2025-09-29,3828.166,3862.532,3881.002,3809.535
2025-09-30,3869.705,3882.777,3887.57,3866.281
2025-10-09,3898.307,3933.972,3936.576,3885.744
2025-10-10,3915.475,3897.028,3933.005,3886.305
2025-10-13,3800.106,3889.502,3895.83,3800.106
2025-10-14,3910.783,3865.229,3918.436,3851.121
2025-10-15,3867.536,3912.21,3912.291,3857.667
2025-10-16,3900.683,3916.228,3931.05,3899.167
2025-10-17,3912.04,3839.755,3921.065,3835.365
2025-10-20,3865.552,3863.893,3877.722,3850.367
2025-10-21,3870.749,3916.332,3919.318,3868.145
2025-10-22,3896.074,3913.758,3918.592,3893.325
2025-10-23,3904.159,3922.41,3926.217,3877.529
2025-10-24,3929.115,3950.312,3950.312,3928.96
2025-10-27,3969.22,3996.945,3999.067,3963.102
2025-10-28,3986.891,3988.224,4010.728,3976.833
2025-10-29,3990.266,4016.331,4016.331,3986.941
2025-10-30,4007.821,3986.901,4025.705,3984.828
2025-10-31,3985.064,3954.79,3986.743,3951.731
2025-11-03,3954.078,3976.521,3977.305,3937.022
2025-11-04,3973.458,3960.186,3985.882,3938.52
2025-11-05,3922.584,3969.248,3979.754,3922.584
2025-11-06,3973.349,4007.76,4008.799,3973.349
2025-11-07,3994.317,3997.556,4012.005,3993.691
2025-11-10,4001.794,4018.597,4018.696,3990.836
2025-11-11,4023.877,4002.758,4024.939,3991.516
2025-11-12,3996.565,4000.14,4020.378,3980.676
2025-11-13,3996.514,4029.501,4030.398,3994.771
2025-11-14,4007.126,3990.492,4034.079,3990.307
2025-11-17,3988.556,3972.035,3992.404,3958.948
2025-11-18,3962.444,3939.813,3966.885,3926.589
2025-11-19,3937.92,3946.742,3960.052,3930.075
2025-11-20,3960.699,3931.051,3967.971,3927.512
2025-11-21,3896.665,3834.891,3912.006,3834.749
2025-11-24,3848.657,3836.766,3854.331,3816.576
2025-11-25,3850.571,3870.023,3882.03,3845.138
2025-11-26,3867.429,3864.184,3879.923,3861.177
2025-11-27,3867.197,3875.259,3895.589,3864.131
2025-11-28,3870.944,3888.596,3888.889,3856.25
2025-12-01,3894.213,3914.006,3914.464,3890.949
2025-12-02,3908.456,3897.712,3908.769,3888.328
2025-12-03,3894.156,3878.0,3901.696,3869.953
2025-12-04,3879.742,3875.793,3888.86,3859.049
2025-12-05,3873.121,3902.808,3907.782,3863.314
2025-12-08,3909.226,3924.078,3936.311,3904.738
2025-12-09,3916.509,3909.522,3923.899,3902.128
2025-12-10,3901.128,3900.496,3906.116,3876.475
2025-12-11,3903.895,3873.318,3904.963,3862.821
2025-12-12,3869.413,3889.346,3891.807,3850.597
2025-12-15,3865.402,3867.921,3896.977,3863.63
2025-12-16,3861.515,3824.812,3862.427,3815.844
2025-12-17,3822.509,3870.278,3881.752,3817.996
2025-12-18,3857.257,3876.371,3888.285,3856.423
2025-12-19,3878.227,3890.448,3902.671,3871.777
2025-12-22,3900.535,3917.364,3920.012,3900.515
2025-12-23,3919.106,3919.979,3937.127,3910.745
2025-12-24,3920.347,3940.947,3947.041,3912.311
2025-12-25,3937.72,3959.621,3964.073,3936.078
2025-12-26,3957.833,3963.679,3977.706,3945.524
2025-12-29,3964.651,3965.28,3983.979,3956.946
2025-12-30,3947.871,3965.116,3979.99,3947.419
2025-12-31,3968.726,3968.84,3977.536,3955.487
2026-01-05,3986.972,4023.417,4025.263,3983.576
2026-01-06,4026.016,4083.667,4083.667,4025.088
2026-01-07,4083.843,4085.772,4098.777,4069.436
2026-01-08,4077.715,4082.979,4093.872,4067.122
2026-01-09,4086.762,4120.426,4121.723,4083.616
2026-01-12,4134.893,4165.287,4168.357,4119.879
2026-01-13,4169.704,4138.759,4179.702,4126.234
2026-01-14,4138.645,4126.093,4190.866,4103.621
2026-01-15,4106.224,4112.601,4133.073,4096.85
2026-01-16,4127.063,4101.913,4140.225,4091.811
2026-01-19,4090.719,4114.0,4126.518,4090.057
2026-01-20,4116.366,4113.649,4128.93,4080.294
2026-01-21,4103.529,4116.94,4135.959,4103.529
2026-01-22,4126.072,4122.576,4140.838,4109.923
2026-01-23,4130.108,4136.164,4143.75,4120.204
2026-01-26,4144.778,4132.605,4160.985,4124.7
2026-01-27,4125.216,4139.904,4158.802,4101.83
2026-01-28,4150.215,4151.238,4170.147,4138.019
2026-01-29,4155.919,4157.985,4170.214,4138.299
2026-01-30,4131.993,4117.948,4152.85,4064.777
2026-02-02,4079.708,4015.746,4103.407,4013.656
2026-02-03,4043.906,4067.738,4069.418,4002.782
2026-02-04,4064.677,4102.202,4104.621,4062.683
2026-02-05,4075.025,4075.917,4088.904,4048.939
2026-02-06,4040.299,4065.583,4095.03,4029.973
2026-02-09,4103.54,4123.09,4123.159,4093.056
2026-02-10,4127.766,4128.373,4134.338,4117.564
2026-02-11,4124.428,4131.985,4142.561,4122.428
2026-02-12,4136.99,4134.018,4140.593,4124.131
2026-02-13,4115.924,4082.073,4123.844,4079.77
2026-02-24,4129.134,4117.409,4131.55,4105.937
2026-02-25,4123.781,4147.231,4167.844,4122.699
2026-02-26,4151.068,4146.631,4152.193,4127.153
2026-02-27,4128.897,4162.882,4166.234,4128.36
2026-03-02,4151.801,4182.591,4188.77,4131.368
2026-03-03,4189.408,4122.676,4197.228,4116.011
2026-03-04,4087.632,4082.474,4106.04,4055.413
2026-03-05,4109.777,4108.567,4125.617,4090.621
2026-03-06,4085.895,4124.194,4129.465,4085.895
2026-03-09,4098.699,4096.602,4106.534,4052.545
2026-03-10,4098.587,4123.138,4123.958,4098.587
2026-03-11,4123.666,4133.433,4135.839,4112.8
2026-03-12,4133.2,4129.103,4141.649,4103.164
2026-03-13,4117.574,4095.449,4134.079,4086.847
2026-03-16,4092.249,4084.786,4096.133,4048.087
2026-03-17,4086.295,4049.907,4108.4,4049.58
2026-03-18,4053.305,4062.984,4065.373,4023.03
2026-03-19,4028.542,4006.552,4042.022,3994.165
2026-03-20,4004.573,3957.053,4022.703,3955.711
2026-03-23,3904.951,3813.283,3906.622,3794.684
2026-03-24,3849.631,3881.28,3881.424,3807.994
2026-03-25,3892.269,3931.838,3933.061,3891.816
2026-03-26,3924.962,3889.084,3937.104,3880.573
2026-03-27,3852.094,3913.724,3924.108,3852.094
2026-03-30,3884.277,3923.287,3924.289,3872.776
2026-03-31,3924.067,3891.861,3948.811,3891.861
2026-04-01,3939.566,3948.552,3955.943,3929.921
2026-04-02,3940.799,3919.285,3952.576,3900.116
2026-04-03,3927.592,3880.097,3929.529,3871.3
2026-04-07,3884.151,3890.165,3902.607,3875.684
2026-04-08,3930.251,3994.998,3994.998,3926.249
2026-04-09,3967.63,3966.171,3979.127,3955.246
2026-04-10,3985.464,3986.225,4011.024,3979.814
2026-04-13,3971.199,3988.558,3991.262,3966.198
2026-04-14,4006.727,4026.626,4026.626,3992.407
2026-04-15,4039.471,4027.21,4050.621,4020.904
2026-04-16,4030.138,4055.547,4057.831,4028.909
2026-04-17,4043.381,4051.425,4058.604,4038.429
2026-04-20,4053.375,4082.127,4083.19,4051.685
2026-04-21,4075.845,4085.077,4086.637,4062.133
2026-04-22,4074.813,4106.258,4106.844,4074.68
2026-04-23,4110.788,4093.25,4114.844,4070.46
2026-04-24,4081.033,4079.9,4092.613,4061.145
2026-04-27,4074.811,4086.344,4092.831,4071.08
2026-04-28,4076.143,4078.637,4090.201,4062.872
2026-04-29,4061.822,4107.514,4112.152,4061.822
2026-04-30,4107.297,4112.159,4118.755,4100.966
2026-05-06,4135.451,4160.174,4166.147,4129.911
2026-05-07,4168.447,4180.092,4180.21,4163.137
2026-05-08,4163.854,4179.952,4183.063,4154.246
2026-05-11,4201.347,4225.021,4229.58,4186.082
2026-05-12,4229.283,4214.489,4230.184,4199.344
2026-05-13,4192.315,4242.572,4245.068,4192.315
2026-05-14,4256.157,4177.918,4258.863,4177.918
2026-05-15,4174.175,4135.389,4191.807,4114.086
2026-05-18,4120.14,4131.528,4145.661,4108.604
2026-05-19,4122.961,4169.538,4170.289,4107.994
2026-05-20,4152.698,4162.185,4169.847,4139.974
2026-05-21,4174.377,4077.277,4199.527,4074.217
2026-05-22,4096.172,4112.9,4120.088,4067.747
2026-05-25,4126.338,4152.569,4153.879,4119.8
2026-05-26,4137.32,4145.373,4150.289,4104.459
2026-05-27,4138.805,4093.727,4153.561,4077.616
2026-05-28,4080.304,4098.636,4110.782,4055.828
2026-05-29,4110.521,4068.569,4112.955,4055.886
2026-06-01,4067.158,4057.74,4093.041,4045.69
2026-06-02,4061.463,4075.102,4089.575,4032.583
2026-06-03,4068.341,4083.974,4107.046,4059.907
2026-06-04,4053.67,4057.781,4080.718,4043.433
2026-06-05,4044.829,4027.736,4078.932,4015.063
2026-06-08,3938.709,3959.338,4007.493,3927.853
2026-06-09,3977.539,4010.031,4010.872,3955.908
2026-06-10,3985.124,3993.226,4006.313,3963.442
2026-06-11,3979.706,3987.015,3997.478,3958.437
2026-06-12,4017.865,4031.513,4060.271,4008.177
2026-06-15,4053.582,4096.472,4097.166,4051.065
2026-06-16,4094.212,4091.892,4103.926,4077.87
2026-06-17,4074.291,4108.076,4109.958,4073.732
2026-06-18,4094.23,4090.481,4117.451,4080.294
2026-06-22,4093.955,4163.097,4164.418,4070.172
2026-06-23,4153.593,4106.252,4175.348,4085.591
2026-06-24,4090.1,4110.813,4117.285,4075.492
2026-06-25,4103.482,4120.281,4133.098,4093.009
2026-06-26,4098.686,4027.265,4099.78,4007.859
2026-06-29,4026.686,4073.902,4075.334,3992.552
2026-06-30,4058.17,4094.397,4097.415,4052.17
2026-07-01,4090.76,4112.445,4143.314,4087.535
2026-07-02,4054.086,4028.904,4093.678,4019.215
2026-07-03,4031.335,4043.643,4073.88,4027.255
2026-07-06,4059.194,4041.238,4060.069,4005.414
2026-07-07,4019.494,3990.235,4028.514,3971.713
2026-07-08,3996.807,3970.88,4016.026,3967.913
2026-07-09,3977.547,4036.588,4040.539,3938.878
2026-07-10,4031.537,3996.162,4074.828,3995.807
2026-07-13,3966.023,3913.794,3983.054,3900.668
2026-07-14,3909.274,3967.126,3967.126,3869.304
2026-07-15,3963.727,3955.578,3981.672,3943.695
2026-07-16,3912.381,3882.413,3940.451,3867.601
2026-07-17,3865.317,3764.155,3869.215,3745.174
2026-07-20,3791.662,3796.281,3831.659,3741.11
2026-07-21,3812.162,3864.367,3864.6,3743.36
2026-07-22,3839.665,3867.034,3884.435,3839.665
2026-07-23,3868.087,3876.777,3878.832,3851.706
2026-07-24,3853.632,3814.198,3861.04,3808.636
2026-07-27,3808.903,3858.245,3858.31,3793.449
2026-07-28,3823.133,3813.315,3844.012,3797.373
2026-07-29,3823.293,3828.469,3845.766,3782.481
2026-07-30,3812.111,3804.693,3839.341,3767.503
2026-07-31,3833.536,3832.262,3847.093,3822.374
2026-08-03,3812.613,3809.663,3827.636,3797.643
2026-08-04,3816.37,3822.285,3831.94,3799.524
2026-08-05,3815.122,3878.43,3884.397,3815.122
2026-08-06,3864.273,3900.352,3902.054,3864.273
2026-08-07,3896.485,3940.037,3940.935,3885.625
2026-08-10,3943.816,3966.594,3967.592,3938.625
2026-08-11,3950.708,3934.093,3966.391,3930.639
2026-08-12,3933.553,3946.675,3950.621,3927.549
2026-08-13,3957.161,3926.965,3968.476,3924.642
2026-08-14,3930.022,3927.176,3932.641,3903.705
2026-08-17,3930.104,3982.654,3983.507,3924.474
2026-08-18,3979.49,3990.304,3994.181,3955.601
2026-08-19,3952.122,3894.422,3961.137,3879.579
2026-08-20,3907.206,3903.721,3925.062,3888.099
2026-08-21,3891.175,3905.203,3912.131,3883.787
2026-08-24,3902.696,3882.008,3910.239,3855.352
2026-08-25,3863.37,3889.445,3896.206,3850.863
2026-08-26,3881.741,3912.524,3926.435,3881.741
2026-08-27,3911.891,3956.571,3958.033,3909.312
2026-08-28,3950.237,3952.179,3970.31,3947.798
2026-08-31,3926.531,3986.298,3986.298,3926.504
2026-09-01,3979.881,3979.888,3995.175,3976.469
2026-09-02,3963.066,3941.386,3965.808,3932.252
2026-09-03,3952.795,3942.088,3968.112,3930.447
2026-09-04,3955.549,3930.116,3980.202,3915.221
2026-09-07,3942.509,3932.699,3948.421,3916.492
2026-09-08,3935.548,3940.551,3951.322,3925.72
2026-09-09,3943.922,3951.507,3958.117,3933.469
2026-09-10,3939.095,3934.404,3949.255,3927.347
2026-09-11,3910.923,3888.111,3912.325,3852.032
2026-09-14,3867.022,3885.333,3895.51,3867.022
2026-09-15,3879.726,3864.279,3891.62,3858.15
2026-09-16,3861.746,3891.601,3894.664,3842.721
2026-09-17,3876.998,3875.604,3898.836,3866.892
2026-09-18,3891.961,3911.871,3919.669,3888.496
2026-09-21,3920.273,3949.907,3950.939,3918.128
2026-09-22,3963.807,3952.128,3967.681,3945.417
2026-09-23,3951.366,3936.52,3951.523,3934.459
2026-09-24,3925.323,3888.374,3930.496,3888.374
2026-09-28,3878.409,3823.621,3878.409,3806.671
2026-09-29,3816.154,3830.451,3843.838,3810.812
2026-09-30,3839.253,3842.195,3851.217,3833.086
